English (source / theme base),French (Canada) — translation layer
131 Greene St,131 Greene St
"131 Greene Street, New York, NY 10012, USA","131 Greene Street, New York, NY 10012, USA"
1500 watts of power boil water in as little as three minutes — faster than the stovetop or microwave.,1 500 watts de puissance font bouillir l'eau en aussi peu que trois minutes — plus rapidement que la cuisinière ou le micro-ondes.
"1500 watts of power bring water to a rolling boil in about three minutes — faster than the stovetop or microwave, so your first cup is ready before you've finished measuring the grounds.","1 500 watts de puissance amènent l'eau à pleine ébullition en environ trois minutes — plus rapidement que la cuisinière ou le micro-ondes, de sorte que votre première tasse est prête avant même que vous ayez fini de mesurer le café moulu."
1500W fast boil,Ébullition rapide 1500W
1500W rapid heat,Chauffe rapide 1500W
151 O'Connor St,151 O'Connor St
"151 O'Connor Street, Ottawa ON K2P 2L8, Canada","151 O'Connor Street, Ottawa ON K2P 2L8, Canada"
360° cordless base,Base sans fil 360°
360° cordless swivel base,Base pivotante sans fil 360°
620 King St,620 King St
"620 King St W, Toronto, ON M5V 1M7, Canada","620 King St W, Toronto, ON M5V 1M7, Canada"
<em><strong>Free shipping and returns</strong></em>,<em><strong>Livraison et retours gratuits</strong></em>
<em>Boil Faster</em>,<em>Faites bouillir plus vite</em>
<em>Example heading</em>,<em>Exemple de titre</em>
<em>Free Shipping</em>,<em>Livraison gratuite</em>
<em>Fry Healthier</em>,<em>Friture plus santé</em>
<em>Hassle-Free Exchanges</em>,<em>Échanges sans tracas</em>
<em>Image comparison</em>,<em>Comparaison d'images</em>
<em>Tagline</em>,<em>Slogan</em>
<em>Talk about your brand</em>,<em>Parlez de votre marque</em>
<em>The #1 Brand of Kettles</em>,<em>La marque de bouilloires n° 1</em>
"<h5>At Chefman, we're innovating at every turn, offering you the very best technology, performance and value.</h5>","<h5>Chez Chefman, nous innovons à chaque instant afin de vous offrir la meilleure technologie, la meilleure performance et le meilleur rapport qualité-prix.</h5>"
"<p>151 O'Connor Street, Ottawa ON K2P 2L8, Canada</p>","<p>151 O'Connor Street, Ottawa ON K2P 2L8, Canada</p>"
"<p><a href=""#"" title=""mailto:contact@yourstore.com"">contact@yourstore.com</a><br/><a href=""#"" title=""mailto:sales@yourstore.com"">sales@yourstore.com</a></p>","<p><a href=""#"" title=""mailto:contact@yourstore.com"">contact@yourstore.com</a><br/><a href=""#"" title=""mailto:sales@yourstore.com"">sales@yourstore.com</a></p>"
"<p><a href=""#"" title=""mailto:shop@yourstore.com"">shop@yourstore.com</a></p>","<p><a href=""#"" title=""mailto:shop@yourstore.com"">shop@yourstore.com</a></p>"
"<p><a href=""#"" title=""tel:+33 (0) 31-305-210"">+33 (0) 31-305-210<br/></a>mo – fri: 09:00 – 17:00</p>","<p><a href=""#"" title=""tel:+33 (0) 31-305-210"">+33 (0) 31-305-210<br/></a>lun – ven : 9 h – 17 h</p>"
"<p><a href=""https://cdn.shopify.com/s/files/1/0576/5755/7158/files/7x7_Terms_Conditions_Warranty_06_2021_1.pdf?v=1629406217"" target=""_blank"" title=""https://cdn.shopify.com/s/files/1/0576/5755/7158/files/7x7_Terms_Conditions_Warranty_06_2021_1.pdf?v=1629406217"">Download Warranty Documentation</a></p>","<p><a href=""https://cdn.shopify.com/s/files/1/0576/5755/7158/files/7x7_Terms_Conditions_Warranty_06_2021_1.pdf?v=1629406217"" target=""_blank"" title=""https://cdn.shopify.com/s/files/1/0576/5755/7158/files/7x7_Terms_Conditions_Warranty_06_2021_1.pdf?v=1629406217"">Télécharger la documentation de garantie</a></p>"
"<p><a href=""mailto:support@chefman.com"" target=""_blank"" title=""mailto:support@chefman.com"">support@chefman.com</a></p>","<p><a href=""mailto:support@chefman.com"" target=""_blank"" title=""mailto:support@chefman.com"">support@chefman.com</a></p>"
<p><em>— Add a tagline</em></p>,<p><em>— Ajouter un slogan</em></p>
"<p>A bar is a unit of pressure, and espresso is traditionally brewed at around 9 bars at the coffee itself, which is the sweet spot for balanced flavor and good crema. Machines often advertise 15 or 20 bars, but that refers to the pump's maximum output before it passes through the machine, so a higher number isn't automatically better.</p>","<p>Le bar est une unité de pression, et l'espresso est traditionnellement extrait à environ 9 bars au niveau du café lui-même, ce qui constitue le point idéal pour une saveur équilibrée et une belle crema. Les machines annoncent souvent 15 ou 20 bars, mais cela renvoie au débit maximal de la pompe avant qu'il ne passe dans la machine; un chiffre plus élevé n'est donc pas automatiquement meilleur.</p>"
<p>A built-in steam wand or automatic frother turns cold milk into silky microfoam for lattes and cappuccinos. It's the difference between a plain shot and a proper coffee-shop drink at home.</p>,<p>Une buse vapeur intégrée ou un mousseur automatique transforme le lait froid en micromousse soyeuse pour les lattes et les cappuccinos. C'est ce qui fait la différence entre un simple espresso et une véritable boisson de café-boutique à la maison.</p>
"<p>A common starting point is about 1 to 2 tablespoons of ground coffee for every 6 ounces of water, which you can adjust to taste. Keep in mind that a coffee maker's marked 'cup' is usually around 5 to 6 ounces rather than a full 8-ounce mug, so measure your water accordingly.</p>","<p>Un bon point de départ est d'environ 1 à 2 cuillères à soupe de café moulu pour chaque 180 mL d'eau, ce que vous pouvez ajuster selon votre goût. Gardez à l'esprit que la « tasse » indiquée sur une cafetière correspond habituellement à environ 150 à 180 mL plutôt qu'à une grande tasse pleine de 240 mL; mesurez donc votre eau en conséquence.</p>"
"<p>A drip coffee maker heats water in a reservoir and then evenly showers it over ground coffee held in a filter basket. Gravity pulls the brewed coffee down through the filter and into the carafe below, so all you do is add water, grounds, and press start.</p>","<p>Une cafetière à filtre chauffe l'eau dans un réservoir, puis l'asperge uniformément sur le café moulu retenu dans un panier-filtre. La gravité entraîne le café infusé à travers le filtre jusque dans la carafe située en dessous; il ne vous reste donc qu'à ajouter de l'eau et du café moulu, puis à appuyer sur le bouton de mise en marche.</p>"
"<p>A Fast-Boil kettle heats water to a full boil (212°F) and stops, which is all you need for black tea, herbal tea, coffee, and instant drinks. A temperature-control kettle lets you dial in a lower, exact temperature, which matters for delicate green, white, and oolong teas that can turn bitter at a full boil. If you just want hot water fast, Fast-Boil is the simpler, more affordable choice.</p>","<p>Une bouilloire à ébullition rapide chauffe l'eau jusqu'à pleine ébullition (100 °C) puis s'arrête, ce qui est tout ce qu'il vous faut pour le thé noir, les tisanes, le café et les boissons instantanées. Une bouilloire à contrôle de température vous permet de régler une température plus basse et précise, ce qui compte pour les thés verts, blancs et oolong délicats qui peuvent devenir amers à pleine ébullition. Si vous voulez simplement de l'eau chaude rapidement, l'ébullition rapide est le choix le plus simple et le plus abordable.</p>"
"<p>A Fast-Boil kettle is the essential electric kettle: a stain-resistant borosilicate glass body powered by 1500 watts that brings water to a full rolling boil in as little as three minutes — quicker than the stovetop or the microwave. There's nothing to program. You fill it between the min and max lines, press the switch, and blue LEDs glow while the water heats so you can watch it come to a boil. When it's ready the kettle shuts off automatically, and it lifts right off its 360° cordless base so you can carry it straight to your mug or teapot.</p>","<p>Une bouilloire à ébullition rapide est la bouilloire électrique par excellence : un corps en verre borosilicaté résistant aux taches, alimenté par 1 500 watts, qui amène l'eau à pleine ébullition en aussi peu que trois minutes — plus vite que la cuisinière ou le micro-ondes. Il n'y a rien à programmer. Vous la remplissez entre les repères min et max, appuyez sur l'interrupteur, et des DEL bleues s'allument pendant que l'eau chauffe afin que vous puissiez la voir arriver à ébullition. Lorsqu'elle est prête, la bouilloire s'éteint automatiquement, et elle se soulève directement de sa base sans fil 360° pour que vous puissiez la transporter directement jusqu'à votre tasse ou votre théière.</p>"
"<p>A glass carafe sits on a warming plate to stay hot, which is great if you finish the pot quickly, but extended warming can eventually make coffee taste bitter. A thermal carafe is insulated and keeps coffee hot for hours without a heat source, helping preserve the original flavor, so it's a nice option if you sip slowly throughout the morning.</p>","<p>Une carafe en verre repose sur une plaque chauffante pour rester chaude, ce qui est idéal si vous terminez le café rapidement, mais un maintien au chaud prolongé peut finir par rendre le café amer. Une carafe thermique est isolée et garde le café chaud pendant des heures sans source de chaleur, ce qui aide à préserver la saveur d'origine; c'est donc une belle option si vous sirotez lentement tout au long de la matinée.</p>"
"<p>A gooseneck kettle is defined by its spout — a long, slender, curved neck that pours a thin, steady, slow-controlled stream instead of a rushing gush. That precision is exactly what pour-over coffee and matcha depend on: you can saturate the grounds evenly for a balanced extraction, or pour a smooth, measured stream as you whisk. Chefman's gooseneck is compact at 0.8L (about 2–4 cups) with a sleek matte finish that looks as good on the counter as it performs. It lifts off a 360° cordless base, has an easy-view water-level window and a drip-free pour, and shuts off automatically once the water's ready. Select models add temperature presets, so you can dial in the ideal heat for coffee, matcha, and delicate teas.</p>","<p>Une bouilloire à col de cygne se définit par son bec — un col long, mince et courbé qui verse un filet fin, régulier et lentement contrôlé plutôt qu'un jet brusque. C'est précisément cette précision dont dépendent le café par infusion (pour-over) et le matcha : vous pouvez saturer le café moulu uniformément pour une extraction équilibrée, ou verser un filet fluide et mesuré tout en fouettant. La bouilloire à col de cygne de Chefman est compacte, avec une capacité de 0,8 L (environ 500 mL à 1 L) et un fini mat élégant aussi beau sur le comptoir qu'il est performant. Elle se soulève d'une base sans fil 360°, possède une fenêtre de niveau d'eau facile à lire et un versement sans goutte, et s'éteint automatiquement une fois l'eau prête. Certains modèles ajoutent des préréglages de température, ce qui vous permet de régler la chaleur idéale pour le café, le matcha et les thés délicats.</p>"
"<p>A gooseneck kettle is used to pour a slow, precise stream of hot water, which makes it ideal for pour-over coffee and matcha. The narrow, curved spout lets you saturate coffee grounds evenly for a balanced extraction, or pour a controlled stream while whisking matcha — and it's a satisfying way to pour anything.</p>","<p>Une bouilloire à col de cygne sert à verser un filet lent et précis d'eau chaude, ce qui la rend idéale pour le café par infusion (pour-over) et le matcha. Le bec étroit et courbé vous permet de saturer le café moulu uniformément pour une extraction équilibrée, ou de verser un filet contrôlé tout en fouettant le matcha — et c'est une façon agréable de verser n'importe quoi.</p>"
"<p>A Keep-Warm kettle boils water fast and then switches to a gentle hold mode instead of cooling off the instant it clicks off. It keeps the water hot for up to an hour after the boil, so a second or third cup is always on demand — no re-boiling, no watching the pot. Many Chefman keep-warm models also include a removable tea infuser, so the kettle doubles as a steep-and-serve teapot for loose-leaf or bagged tea, and status lights let you see at a glance whether it's actively heating or simply holding warm.</p>","<p>Une bouilloire à maintien au chaud fait bouillir l'eau rapidement, puis passe à un mode de maintien doux au lieu de refroidir dès qu'elle s'éteint. Elle garde l'eau chaude jusqu'à une heure après l'ébullition, de sorte qu'une deuxième ou une troisième tasse est toujours à portée de main — sans refaire bouillir, sans surveiller la bouilloire. De nombreux modèles à maintien au chaud de Chefman comprennent aussi un infuseur à thé amovible, ce qui permet à la bouilloire de faire aussi office de théière pour infuser et servir le thé en feuilles ou en sachets, et des voyants d'état vous permettent de voir d'un coup d'œil si elle chauffe activement ou si elle maintient simplement la chaleur.</p>"
"<p>A medium grind, roughly the texture of sand, works best for most automatic drip machines. Too fine a grind can clog the filter and cause bitterness, while too coarse a grind can make the coffee taste weak and watery.</p>","<p>Une mouture moyenne, à peu près de la texture du sable, convient le mieux à la plupart des cafetières à filtre automatiques. Une mouture trop fine peut boucher le filtre et causer de l'amertume, tandis qu'une mouture trop grossière peut donner un café fade et aqueux.</p>"
"<p>A programmable timer lets you load coffee and water the night before and set a time for the machine to start brewing automatically. It's a popular feature for waking up to fresh coffee, though for the best flavor it's still a good idea to use freshly ground coffee close to brew time.</p>","<p>Une minuterie programmable vous permet de remplir la cafetière de café et d'eau la veille et de régler l'heure à laquelle la machine commencera à infuser automatiquement. C'est une fonction populaire pour se réveiller avec du café frais, bien que, pour une meilleure saveur, il demeure préférable d'utiliser du café fraîchement moulu peu avant l'infusion.</p>"
"<p>A semi-automatic machine handles the pressure and temperature but lets you control the shot timing, giving you more hands-on involvement. Automatic machines stop the shot for you, while super-automatic machines grind, dose, and brew at the touch of a button, trading some control for added convenience.</p>","<p>Une machine semi-automatique gère la pression et la température, mais vous laisse contrôler la durée de l'extraction, pour une expérience plus manuelle. Les machines automatiques arrêtent l'extraction à votre place, tandis que les machines super-automatiques moulent, dosent et infusent d'une simple pression sur un bouton, échangeant une part de contrôle contre plus de commodité.</p>"
"<p>A single-serve coffee maker brews one cup at a time by piercing a pre-filled pod and forcing hot water through the coffee grounds inside, sending fresh coffee straight into your mug. Because each cup is brewed on demand, there's no waiting on a full pot and no leftover coffee going to waste.</p>","<p>Une cafetière à portion individuelle infuse une tasse à la fois en perçant une capsule préremplie et en faisant passer de l'eau chaude à travers le café moulu qu'elle contient, envoyant du café frais directement dans votre tasse. Comme chaque tasse est infusée à la demande, il n'y a pas d'attente pour une pleine cafetière ni de café gaspillé.</p>"
"<p>A stainless-steel kettle swaps the see-through glass body for durable, opaque metal that shrugs off daily use and hides water spots. You fill it, set it on the 360° swivel base, and rapid-heat power brings the water to a rolling boil in minutes, then automatic shut-off takes over. Because the exterior is solid steel, it's built to last and simple to keep looking sharp, whether you choose a classic or brushed finish. Chefman offers stainless kettles from 1.2L up to 1.8L, ranging from straightforward one-touch boilers to digital models with temperature presets and a keep-warm function.</p>","<p>Une bouilloire en acier inoxydable remplace le corps en verre transparent par un métal opaque et durable qui résiste à l'usage quotidien et masque les traces d'eau. Vous la remplissez, la placez sur la base pivotante à 360°, et la puissance de chauffe rapide porte l'eau à pleine ébullition en quelques minutes, puis l'arrêt automatique prend le relais. Comme l'extérieur est en acier massif, elle est conçue pour durer et facile à garder impeccable, que vous choisissiez un fini classique ou brossé. Chefman offre des bouilloires en acier inoxydable de 1,2 L à 1,8 L, allant des simples bouilloires à une touche aux modèles numériques dotés de préréglages de température et d'une fonction de maintien au chaud.</p>"
"<p>A standard stainless kettle pours cleanly for everyday coffee and tea. For pour-over, the slow, precise stream comes from a gooseneck spout, so if that's your main use, consider a gooseneck kettle, or choose a digital stainless model with presets when you want temperature control.</p>","<p>Une bouilloire en acier inoxydable standard verse proprement pour le café et le thé de tous les jours. Pour l'infusion à la verseuse, le jet lent et précis provient d'un bec en col de cygne ; donc si c'est votre usage principal, envisagez une bouilloire à col de cygne, ou optez pour un modèle numérique en acier inoxydable avec préréglages lorsque vous souhaitez contrôler la température.</p>"
"<p>A tea infuser kettle is a fast-boil electric kettle with a removable stainless-steel basket that drops right into the pot. Fill the kettle, add your loose-leaf or bagged tea to the basket, and press to boil — then let the leaves steep in the freshly boiled water inside the same vessel. When the tea has brewed to your taste, lift the basket out and pour. It's the entire loose-leaf ritual in one kettle, with the same 1500W rapid boil, watch-it-brew glass body, and cordless convenience as our classic Fast-Boil kettles.</p>","<p>Une bouilloire à infuseur à thé est une bouilloire électrique à ébullition rapide dotée d'un panier amovible en acier inoxydable qui se glisse directement dans le récipient. Remplissez la bouilloire, ajoutez votre thé en feuilles ou en sachet dans le panier, puis appuyez pour faire bouillir — laissez ensuite les feuilles infuser dans l'eau fraîchement bouillie à l'intérieur du même récipient. Lorsque le thé est infusé à votre goût, retirez le panier et versez. C'est tout le rituel du thé en feuilles dans une seule bouilloire, avec la même ébullition rapide de 1500 W, le même corps en verre qui laisse voir l'infusion et la même commodité sans fil que nos bouilloires classiques Fast-Boil.</p>"
"<p>A tea infuser kettle is an electric kettle with a removable stainless-steel basket that sits inside the pot, so you can boil water and steep loose-leaf or bagged tea in the same vessel. When the tea has brewed to your taste, you simply lift the basket out — no separate teapot or strainer needed. Chefman's tea infuser kettles pair this with a fast 1500W boil and a glass body so you can watch the water heat.</p>","<p>Une bouilloire à infuseur à thé est une bouilloire électrique dotée d'un panier amovible en acier inoxydable qui se loge à l'intérieur du récipient, ce qui vous permet de faire bouillir l'eau et d'infuser du thé en feuilles ou en sachet dans le même récipient. Lorsque le thé est infusé à votre goût, il suffit de retirer le panier — sans théière ni passoire séparée. Les bouilloires à infuseur à thé de Chefman associent cela à une ébullition rapide de 1500 W et à un corps en verre qui vous laisse voir l'eau chauffer.</p>"
"<p>A temperature-control kettle lets you choose a precise, sub-boiling water temperature instead of always heating to a rolling 212°F boil. You set the target with digital presets or a variable dial, and the kettle heats to that mark and stops — many then hold it steady with a keep-warm function. Color-coded LED lights show whether the kettle is on standby, heating, or ready, and some models beep to let you know it's time. That precision is exactly what separates a bright, sweet cup of green tea from a bitter one, and it's what makes pour-over coffee extract cleanly and evenly.</p>","<p>Une bouilloire à contrôle de température vous permet de choisir une température d'eau précise, inférieure à l'ébullition, au lieu de toujours chauffer jusqu'à une pleine ébullition à 100 °C. Vous réglez la cible à l'aide de préréglages numériques ou d'un cadran variable, et la bouilloire chauffe jusqu'à ce repère puis s'arrête — plusieurs la maintiennent ensuite à température stable grâce à une fonction de maintien au chaud. Des voyants DEL à code de couleur indiquent si la bouilloire est en veille, en chauffe ou prête, et certains modèles émettent un bip pour vous prévenir. Cette précision est exactement ce qui distingue une tasse de thé vert vive et douce d'une tasse amère, et c'est ce qui permet au café à la verseuse de s'extraire proprement et uniformément.</p>"
<p>Add a tagline</p>,<p>Ajouter un slogan</p>
<p>Add at least 3 products to proceed and Save 30%</p>,<p>Ajoutez au moins 3 produits pour continuer et économisez 30 %</p>
<p>Add customer reviews and testimonials to showcase your store’s happy customers.</p>,<p>Ajoutez des avis et des témoignages de clients pour mettre en valeur les clients satisfaits de votre boutique.</p>
"<p>Answer a few quick questions and we'll match you with the Chefman coffee maker that fits your taste, your kitchen, and your routine.</p>","<p>Répondez à quelques questions rapides et nous vous jumellerons avec la cafetière Chefman qui convient à vos goûts, à votre cuisine et à votre routine.</p>"
<p>Are you 18 years old or older?</p>,<p>Avez-vous 18 ans ou plus?</p>
<p>Below are some common questions about our products</p>,<p>Voici quelques questions fréquentes au sujet de nos produits</p>
"<p>Below are some common questions about shipping, returns, and exchanges</p>","<p>Voici quelques questions fréquentes concernant l'expédition, les retours et les échanges</p>"
<p>Below are some of are common questions about orders</p>,<p>Voici quelques questions fréquentes concernant les commandes</p>
"<p>Boil once, sip all morning. Chefman Keep-Warm kettles hold your water hot for up to an hour after it boils, so your next cup is ready the moment you are — no reheating, no waiting.</p>","<p>Faites bouillir une fois, savourez toute la matinée. Les bouilloires Keep-Warm de Chefman gardent votre eau chaude jusqu'à une heure après l'ébullition, pour que votre prochaine tasse soit prête dès que vous l'êtes — sans réchauffer, sans attendre.</p>"
"<p>Boiling water can scorch delicate teas and turn them bitter. A temperature-control kettle lets you dial in the exact heat each cup deserves — then holds it there while you steep, sip, and pour.</p>","<p>L'eau bouillante peut brûler les thés délicats et les rendre amers. Une bouilloire à contrôle de température vous permet d'ajuster précisément la chaleur que mérite chaque tasse — puis la maintient pendant que vous infusez, savourez et versez.</p>"
"<p>Brew loose-leaf tea right in the pot. Chefman tea infuser kettles nest a removable stainless-steel basket inside a fast-boiling glass kettle, so you can heat, steep, and pour without ever reaching for a separate teapot.</p>","<p>Infusez le thé en feuilles directement dans la bouilloire. Les bouilloires à infuseur à thé de Chefman logent un panier amovible en acier inoxydable à l'intérieur d'une bouilloire en verre à ébullition rapide, ce qui vous permet de chauffer, d'infuser et de verser sans jamais avoir à sortir une théière séparée.</p>"
"<p>Browse our drip lineup, or take the quiz and let us match you to the perfect machine.</p>","<p>Parcourez notre gamme de cafetières à filtre, ou faites le questionnaire et laissez-nous vous jumeler avec la machine parfaite.</p>"
"<p>Browse our single-serve makers, or take the quiz to get matched in 60 seconds.</p>","<p>Parcourez nos cafetières à portion individuelle, ou faites le questionnaire pour être jumelé en 60 secondes.</p>"
"<p>Capsule and single-serve machines brew one cup at a time from a pre-measured pod. The machine pierces the capsule, forces hot water through it, and delivers a consistent cup straight into your mug. Every cup is identical, and there's nothing to clean but the spent pod.</p>","<p>Les machines à capsules et à portion individuelle infusent une tasse à la fois à partir d'une capsule prédosée. La machine perce la capsule, y fait passer de l'eau chaude sous pression et livre une tasse constante directement dans votre tasse. Chaque tasse est identique, et il n'y a rien à nettoyer, sauf la capsule usée.</p>"
"<p>Catch the coffee beans, dodge the decaf. How high can you score?</p>","<p>Attrapez les grains de café, évitez le décaféiné. Quel score pouvez-vous atteindre?</p>"
"<p>Chefman Fast-Boil kettles come in three sizes: 1L for one or two cups, small spaces, and dorms; 1.2L as a compact everyday choice for a couple; and 1.8L for a full pot to serve the whole household. Choose the smallest size that covers how much you pour at once — smaller kettles take up less counter space and heat a single cup faster.</p>","<p>Les bouilloires Fast-Boil de Chefman sont offertes en trois formats : 1 L pour une ou deux tasses, les petits espaces et les résidences étudiantes ; 1,2 L comme choix compact pour tous les jours pour un couple ; et 1,8 L pour une pleine bouilloire au service de toute la maisonnée. Choisissez le plus petit format qui couvre la quantité que vous versez à la fois — les bouilloires plus petites prennent moins de place sur le comptoir et chauffent une seule tasse plus rapidement.</p>"
<p>Chefman Fast-Boil kettles use 1500 watts of power to bring water to a full rolling boil in as little as three minutes — faster than a stovetop or microwave. They shut off automatically as soon as the water is ready.</p>,<p>Les bouilloires Fast-Boil de Chefman utilisent 1500 watts de puissance pour porter l'eau à pleine ébullition en aussi peu que trois minutes — plus rapidement qu'une cuisinière ou un micro-ondes. Elles s'éteignent automatiquement dès que l'eau est prête.</p>
"<p>Chefman gooseneck kettles come in a compact 0.8L capacity, which is roughly 2–4 cups. That personal size is perfect for solo coffee and tea drinkers, small kitchens, and travel, and it heats a single serving quickly.</p>","<p>Les bouilloires à col de cygne de Chefman offrent une capacité compacte de 0,8 L, soit environ 2 à 4 tasses. Ce format personnel est parfait pour les amateurs de café et de thé en solo, les petites cuisines et les voyages, et il chauffe une seule portion rapidement.</p>"
"<p>Chefman keep-warm kettles hold water hot for up to one hour after it reaches a boil, so your next cup is ready without reheating. On temperature-control models that pair presets with keep-warm, you can set a lower temperature and hold it there — handy for green or white tea, which taste best below a full boil.</p>","<p>Les bouilloires à maintien au chaud de Chefman gardent l'eau chaude jusqu'à une heure après l'ébullition, pour que votre prochaine tasse soit prête sans réchauffer. Sur les modèles à contrôle de température qui associent les préréglages au maintien au chaud, vous pouvez régler une température plus basse et la maintenir — pratique pour le thé vert ou blanc, qui est meilleur en deçà d'une pleine ébullition.</p>"
"<p>Chefman offers tea infuser kettles in 1L, 1.2L, 1.7L, and 1.8L. The 1L is a compact, travel-friendly pick for one or two cups, while the 1.7L and 1.8L brew a full pot to share — a good fit for households or entertaining.</p>","<p>Chefman offre des bouilloires à infuseur à thé de 1 L, 1,2 L, 1,7 L et 1,8 L. Le format 1 L est un choix compact et facile à transporter pour une ou deux tasses, tandis que les formats 1,7 L et 1,8 L infusent une pleine bouilloire à partager — un bon choix pour les ménages ou pour recevoir.</p>"
"<p>Chefman's stainless-steel kettles range from 1.2L to 1.8L. A 1.2L is great for one or two people and smaller spaces, while a 1.8L holds a full pot, making it ideal for families, entertaining, or anyone who refills often throughout the day.</p>","<p>Les bouilloires en acier inoxydable de Chefman vont de 1,2 L à 1,8 L. Un format 1,2 L est idéal pour une ou deux personnes et les espaces plus restreints, tandis qu'un format 1,8 L contient une pleine bouilloire, ce qui le rend idéal pour les familles, pour recevoir ou pour quiconque fait le plein souvent tout au long de la journée.</p>"
<p>Click below to find product documentation for your product</p>,<p>Cliquez ci-dessous pour trouver la documentation de votre produit</p>
<p>Coffee every way you like it.</p>,"<p>Le café comme vous l'aimez, de toutes les façons.</p>"
<p>Coming Soon</p>,<p>Bientôt disponible</p>
"<p>Cook your favorite meals using up to 90% less oil, and shop our wide range of beloved air fryers to crisp up foods faster and healthier.</p>","<p>Cuisinez vos plats préférés en utilisant jusqu'à 90 % moins d'huile, et magasinez notre vaste gamme de friteuses à air adorées pour rendre vos aliments croustillants plus rapidement et plus sainement.</p>"
<p>Countdown timer</p>,<p>Compte à rebours</p>
"<p>Descale it monthly if you have hard water by boiling a 50/50 mix of water and white vinegar, letting it sit 15–20 minutes, then rinsing thoroughly. Hand-wash the kettle body and the infuser basket, and never submerge the electrical base in water. Regular descaling keeps boil times fast and your water tasting clean.</p>","<p>Détartrez-la mensuellement si votre eau est dure en faisant bouillir un mélange 50/50 d'eau et de vinaigre blanc, en le laissant reposer de 15 à 20 minutes, puis en rinçant soigneusement. Lavez à la main le corps de la bouilloire et le panier infuseur, et n'immergez jamais la base électrique dans l'eau. Un détartrage régulier maintient des temps d'ébullition rapides et une eau au goût propre.</p>"
<p>Descaling & Cleaning</p>,<p>Détartrage et nettoyage</p>
<p>Descargue una copia digital del libro de cocina de forma gratuita.</p>,<p>Téléchargez gratuitement une copie numérique du livre de cuisine.</p>
<p>Don't hestitate to contact us</p>,<p>N'hésitez pas à communiquer avec nous</p>
"<p>Download the digital cookbook to explore chef-crafted recipes, culinary inspiration, and more.</p>","<p>Téléchargez le livre de cuisine numérique pour découvrir des recettes créées par des chefs, de l'inspiration culinaire et bien plus.</p>"
"<p>Drip brewing is exactly what it sounds like: hot water is showered evenly over a bed of ground coffee, then drips through a filter into the carafe below. It's the method behind the classic American cup — smooth, balanced, and easy to make by the potful.</p><p>Because the machine controls the water temperature and flow for you, drip coffee is wonderfully repeatable. The cup you love today tastes the same tomorrow.</p>","<p>L'infusion goutte à goutte porte bien son nom : l'eau chaude est répartie uniformément sur un lit de café moulu, puis s'écoule à travers un filtre jusque dans la carafe en dessous. C'est la méthode derrière le classique café américain — doux, équilibré et facile à préparer en pleine carafe.</p><p>Comme la machine contrôle la température et le débit de l'eau pour vous, le café filtre est merveilleusement reproductible. La tasse que vous aimez aujourd'hui aura le même goût demain.</p>"
"<p>Drip is the right call if you drink coffee by the cup or the pot, value simplicity over barista theatrics, and want something the whole household can use without a lesson. It's the most fuss-free way to keep everyone caffeinated.</p>","<p>Le café filtre est le bon choix si vous buvez votre café à la tasse ou à la carafe, si vous privilégiez la simplicité aux acrobaties de barista et si vous voulez quelque chose que toute la maisonnée peut utiliser sans mode d'emploi. C'est la façon la plus simple de garder tout le monde bien caféiné.</p>"
"<p>Drop in a pod, choose your cup size, and brew. Because each capsule is sealed and pre-portioned, you get the same great cup every time — and everyone in the house can have a different flavor.</p><ul><li>Ready in under a minute</li><li>Zero measuring or grinding</li><li>Cleanup is just tossing the pod</li></ul>","<p>Insérez une capsule, choisissez la taille de votre tasse et lancez l'infusion. Comme chaque capsule est scellée et pré-dosée, vous obtenez la même excellente tasse à tous les coups — et chacun dans la maison peut choisir une saveur différente.</p><ul><li>Prête en moins d'une minute</li><li>Aucun dosage ni mouture</li><li>Le nettoyage se résume à jeter la capsule</li></ul>"
<p>Empty the water reservoir completely and return it to the base. Put the empty capsule receptacle in the brew chamber and close the lid.</p>,<p>Videz complètement le réservoir d'eau et remettez-le sur la base. Placez le réceptacle à capsule vide dans la chambre d'infusion et fermez le couvercle.</p>
<p>Espresso has the steepest learning curve of the three — but also the highest ceiling. Give yourself a week of practice and you'll be pulling shots you'd happily pay five dollars for.</p>,<p>L'espresso a la courbe d'apprentissage la plus abrupte des trois — mais aussi le plus grand potentiel. Accordez-vous une semaine de pratique et vous tirerez des cafés que vous paieriez volontiers cinq dollars.</p>
"<p>Espresso is a concentrated coffee made by forcing hot water through finely ground beans under high pressure, which produces a small, intense shot topped with a layer of golden foam called crema. Regular drip coffee uses coarser grounds and gravity instead of pressure, so it's larger and milder; espresso is also the base for drinks like lattes and cappuccinos.</p>","<p>L'espresso est un café concentré obtenu en forçant de l'eau chaude à travers des grains finement moulus sous haute pression, ce qui produit une petite tasse intense coiffée d'une couche de mousse dorée appelée crema. Le café filtre ordinaire utilise une mouture plus grossière et la gravité plutôt que la pression, il est donc plus volumineux et plus doux; l'espresso sert aussi de base à des boissons comme les lattes et les cappuccinos.</p>"
"<p>Espresso isn't a bean or a roast — it's a method. A pump drives hot water through finely-ground, tightly-packed coffee at high pressure (around nine bars), extracting a concentrated ounce or two topped with a layer of golden <em>crema</em>. That intensity is what makes espresso the building block for milk drinks and long blacks alike.</p>","<p>L'espresso n'est ni un grain ni une torréfaction — c'est une méthode. Une pompe pousse de l'eau chaude à travers un café finement moulu et bien tassé à haute pression (environ neuf bars), extrayant 30 à 60 mL concentrés coiffés d'une couche de <em>crema</em> dorée. C'est cette intensité qui fait de l'espresso la base des boissons lactées comme des cafés allongés.</p>"
"<p>Espresso machines range from hands-on to hands-off:</p><ul><li><strong>Semi-automatic</strong> — you control the shot, the machine controls pressure. The sweet spot for most home baristas.</li><li><strong>Automatic</strong> — one-touch shots and milk for café drinks with less practice.</li><li><strong>Built-in grinder</strong> — grind fresh beans right into the portafilter for the best possible flavor.</li></ul>","<p>Les machines à espresso vont du plus manuel au plus automatisé :</p><ul><li><strong>Semi-automatique</strong> — vous contrôlez l'extraction, la machine contrôle la pression. Le point idéal pour la plupart des baristas maison.</li><li><strong>Automatique</strong> — cafés et lait en une touche pour des boissons de café avec moins de pratique.</li><li><strong>Broyeur intégré</strong> — moulez des grains frais directement dans le porte-filtre pour la meilleure saveur possible.</li></ul>"
"<p>Explore our espresso machines, or take the quiz and we'll match you to the right one for your skill level and space.</p>","<p>Explorez nos machines à espresso, ou faites le questionnaire et nous vous jumellerons à celle qui convient à votre niveau et à votre espace.</p>"
"<p>Explore quick tips, initial setup, and more</p>","<p>Découvrez des astuces rapides, la configuration initiale, et plus encore</p>"
"<p>Fast-Boil kettles are for everyday tea and coffee drinkers who want speed and value without extra features. If you brew black or herbal tea, instant coffee, hot chocolate, oatmeal, ramen, or the occasional pour-over — and you'd rather press one button than scroll through settings — this is your kettle. It's an easy pick for busy households, first apartments, dorms, offices, and anyone who simply wants hot water, fast, at the best price.</p>","<p>Les bouilloires à ébullition rapide sont conçues pour les amateurs de thé et de café de tous les jours qui recherchent la vitesse et la valeur sans fonctions supplémentaires. Si vous préparez du thé noir ou des tisanes, du café instantané, du chocolat chaud, du gruau, des ramen ou un café filtre à la main à l'occasion — et que vous préférez appuyer sur un seul bouton plutôt que de parcourir des réglages — c'est la bouilloire qu'il vous faut. C'est un choix facile pour les ménages occupés, les premiers appartements, les résidences étudiantes, les bureaux et quiconque veut simplement de l'eau chaude, rapidement, au meilleur prix.</p>"
"<p>Fast-Boil kettles bring water to a full boil and then shut off automatically — they don't hold it at temperature afterward, which is ideal if you pour your cup right when it's ready. If you tend to sip slowly or come back for refills without wanting to re-boil, Chefman also makes Keep-Warm kettles that hold hot water for up to an hour. For most everyday tea and coffee drinkers, a Fast-Boil kettle is all you need.</p>","<p>Les bouilloires à ébullition rapide portent l'eau à pleine ébullition puis s'éteignent automatiquement — elles ne la maintiennent pas au chaud ensuite, ce qui est idéal si vous versez votre tasse dès qu'elle est prête. Si vous avez tendance à siroter lentement ou à revenir vous resservir sans vouloir refaire bouillir, Chefman fabrique aussi des bouilloires à maintien au chaud qui gardent l'eau chaude jusqu'à une heure. Pour la plupart des amateurs de thé et de café de tous les jours, une bouilloire à ébullition rapide suffit amplement.</p>"
"<p>Fill the reservoir, add a filter, scoop in your grounds, and hit brew. A few minutes later you've got anywhere from a single mug to a full twelve-cup carafe.</p><ul><li>Minimal hands-on time</li><li>Brews large batches at once</li><li>Simple, quick cleanup</li></ul>","<p>Remplissez le réservoir, ajoutez un filtre, versez votre café moulu et lancez l'infusion. Quelques minutes plus tard, vous avez de quoi remplir d'une seule tasse à une carafe complète de douze tasses.</p><ul><li>Peu de manipulation</li><li>Prépare de grandes quantités d'un coup</li><li>Nettoyage simple et rapide</li></ul>"
"<p>Fill, press, and you've got a rolling boil in about three minutes — no dials, no settings, just hot water fast. Fast-Boil kettles are our most popular and most affordable way to heat water for tea, coffee, and everything in between.</p>","<p>Remplissez, appuyez et vous obtenez une ébullition franche en environ trois minutes — pas de molettes, pas de réglages, juste de l'eau chaude rapidement. Les bouilloires à ébullition rapide sont notre façon la plus populaire et la plus abordable de chauffer l'eau pour le thé, le café et tout le reste.</p>"
<p>FIRST TIMER?</p>,<p>PREMIÈRE FOIS?</p>
<p>Fly through the land of treats and thread the gaps between the sweets.</p>,<p>Volez à travers le pays des gâteries et faufilez-vous entre les douceurs.</p>
"<p>For fresh-tasting coffee, empty the water reservoir between uses. Wash the reservoir as needed with warm, soapy water. Rinse and dry well.</p>","<p>Pour un café au goût frais, videz le réservoir d'eau entre les utilisations. Lavez le réservoir au besoin à l'eau chaude savonneuse. Rincez et séchez bien.</p>"
"<p>For the best-tasting pot, use about two tablespoons of coffee per six ounces of water, and give your machine a vinegar rinse every month to keep mineral buildup from dulling the flavor.</p>","<p>Pour la meilleure carafe, utilisez environ deux cuillères à soupe de café pour 180 mL d'eau, et rincez votre machine au vinaigre chaque mois pour empêcher les dépôts minéraux d'atténuer la saveur.</p>"
"<p>Fresh, evenly-ground beans and a good tamp matter more than any single setting. If your shot pulls too fast and tastes sour, grind finer; too slow and bitter, grind coarser. Small tweaks, big difference.</p>","<p>Des grains frais, moulus uniformément, et un bon tassage comptent plus que n'importe quel réglage. Si votre café s'extrait trop vite et goûte acide, moulez plus fin; trop lentement et amer, moulez plus grossier. De petits ajustements, une grande différence.</p>"
"<p>Freshly ground beans make a noticeable difference for espresso, so you'll need either a built-in grinder or a separate one if you brew from whole beans. If you'd rather skip grinding, you can use pre-ground coffee labeled specifically for espresso or a machine that takes pods, which require no grinder at all.</p>","<p>Des grains fraîchement moulus font une différence notable pour l'espresso, vous aurez donc besoin d'un broyeur intégré ou d'un broyeur séparé si vous infusez à partir de grains entiers. Si vous préférez éviter la mouture, vous pouvez utiliser du café pré-moulu portant la mention espresso ou une machine qui accepte les capsules, qui ne nécessitent aucun broyeur.</p>"
"<p>From gooseneck kettles for pour-over coffee to our high-wattage Lightning kettles, it's easy to see why Chefman is America's #1 brand of electric kettles.</p>","<p>Des bouilloires à col de cygne pour le café filtre à la main à nos bouilloires Lightning à haute puissance, il est facile de comprendre pourquoi Chefman est la marque no 1 de bouilloires électriques en Amérique.</p>"
"<p>From one-touch pods to café-quality espresso, every Chefman coffee maker is built to make better mornings easier. Take a look at the full range and pick your perfect brew.</p>","<p>Des capsules en une touche à l'espresso de qualité café, chaque cafetière Chefman est conçue pour rendre vos matins meilleurs plus facilement. Parcourez toute la gamme et choisissez votre infusion parfaite.</p>"
"<p>From smart cooking to spring cleaning, the Chefman family has a little something for everyone. Chefman, CHEF iQ, Iceman and BUFF are entirely designed with you in mind. From our home to yours, thank you.</p>","<p>De la cuisine intelligente au grand ménage du printemps, la famille Chefman a un petit quelque chose pour tout le monde. Chefman, CHEF iQ, Iceman et BUFF sont entièrement conçus en pensant à vous. De notre maison à la vôtre, merci.</p>"
<p>Get free shipping on orders of $150 or more</p>,<p>Obtenez la livraison gratuite pour les commandes de 150 $ ou plus</p>
<p>Give customers details about the banner image(s) or content on the template.</p>,<p>Donnez aux clients des détails sur la ou les images de la bannière ou le contenu du modèle.</p>
"<p>Gooseneck kettles are made for pour-over coffee lovers, matcha drinkers, and anyone who takes pride in a beautiful, controlled pour. The compact 0.8L size (about 2–4 cups) is perfect for solo brewers, small kitchens, and travel, while the precise spout rewards anyone dialing in their morning ritual. If you want café-quality control at home — or simply enjoy the satisfying feel of a slow, deliberate pour — this is your kettle.</p>","<p>Les bouilloires à col de cygne sont conçues pour les amateurs de café filtre à la main, les buveurs de matcha et quiconque met un point d'honneur à réussir un versement soigné et maîtrisé. Le format compact de 0,8 L (environ 2 à 4 tasses) est parfait pour les buveurs solitaires, les petites cuisines et les voyages, tandis que le bec précis récompense quiconque peaufine son rituel matinal. Si vous voulez un contrôle de qualité café à la maison — ou que vous appréciez simplement la sensation satisfaisante d'un versement lent et posé — c'est la bouilloire qu'il vous faut.</p>"
"<p>Green tea is best brewed around 170–180°F. Boiling water at 212°F scorches the delicate leaves and makes them bitter, so a temperature-control kettle lets you dial in the lower heat that keeps green tea smooth and sweet.</p>",<p>Le thé vert s'infuse idéalement autour de 77–82 °C. L'eau bouillante à 100 °C brûle les feuilles délicates et les rend amères; une bouilloire à contrôle de température vous permet donc de régler la chaleur plus basse qui garde le thé vert doux et sucré.</p>
"<p>Hand-wash the glass body and lift-out lid, and never submerge the electrical base. If you have hard water, descale monthly: fill the kettle with a 50/50 mix of water and white vinegar, bring it to a boil, let it sit 15–20 minutes, then rinse well. Regular descaling keeps boil times fast and water tasting fresh.</p>","<p>Lavez à la main le corps en verre et le couvercle amovible, et n'immergez jamais la base électrique. Si votre eau est dure, détartrez chaque mois : remplissez la bouilloire d'un mélange 50/50 d'eau et de vinaigre blanc, portez à ébullition, laissez reposer de 15 à 20 minutes, puis rincez bien. Un détartrage régulier maintient des temps d'ébullition rapides et une eau au goût frais.</p>"
"<p>Hand-wash the kettle body and the infuser basket, and never submerge the electrical base. If you have hard water, descale about once a month by boiling a 50/50 mix of water and white vinegar, letting it sit for 15 to 20 minutes, then rinsing well. This keeps boil times fast and your water tasting fresh.</p>","<p>Lavez à la main le corps de la bouilloire et le panier-infuseur, et n'immergez jamais la base électrique. Si votre eau est dure, détartrez environ une fois par mois en faisant bouillir un mélange 50/50 d'eau et de vinaigre blanc, en le laissant reposer de 15 à 20 minutes, puis en rinçant bien. Cela maintient des temps d'ébullition rapides et une eau au goût frais.</p>"
<p>How to locate your Chefman product model number:</p>,<p>Comment trouver le numéro de modèle de votre produit Chefman :</p>
"<p>If a coffee pod was used, remove the capsule receptacle with the pod. Discard the pod.</p>","<p>Si une capsule de café a été utilisée, retirez le réceptacle à capsule avec la capsule. Jetez la capsule.</p>"
"<p>If coffee grounds were used, remove the reusable coffee filter. Discard the grounds, then rinse the niter with water, and dry completely.<br/><br/><strong>NOTE: </strong>Be sure to discard brewed coffee grounds promptly. If they sit in the brew chamber or coffee filter for an extended period of time, they may begin to mold.</p>","<p>Si du café moulu a été utilisé, retirez le filtre à café réutilisable. Jetez le café moulu, puis rincez le filtre à l'eau et séchez complètement.<br/><br/><strong>NOTE : </strong>Assurez-vous de jeter rapidement le café moulu infusé. S'il reste dans la chambre d'infusion ou le filtre à café pendant une période prolongée, il pourrait commencer à moisir.</p>"
"<p>If necessary, rinse and wash the trivet and drip tray with a sponge and warm, soapy water.</p>","<p>Au besoin, rincez et lavez le support et le plateau d'égouttement avec une éponge et de l'eau chaude savonneuse.</p>"
"<p>If you have any questions, you are always welcome to contact us. We'll get back to you as soon as possible, within 24 hours on weekdays.</p>","<p>Si vous avez des questions, n'hésitez jamais à nous contacter. Nous vous répondrons dès que possible, dans les 24 heures les jours de semaine.</p>"
"<p>If you have hard water, descale monthly: fill the kettle with a 50/50 mix of water and white vinegar, boil, let it sit 15–20 minutes, then rinse well. Hand-wash the kettle body and any infuser basket, and never submerge the electrical base.</p>","<p>Si votre eau est dure, détartrez chaque mois : remplissez la bouilloire d'un mélange 50/50 d'eau et de vinaigre blanc, faites bouillir, laissez reposer de 15 à 20 minutes, puis rincez bien. Lavez à la main le corps de la bouilloire et tout panier-infuseur, et n'immergez jamais la base électrique.</p>"
"<p>If you mostly brew for yourself or want something travel-friendly, the 1L Tea Infuser Kettle is a compact, top-rated favorite loved by thousands of tea drinkers. If you brew for a household or guests, step up to the 1.7L or 1.8L for a full pot in one go. All of them share the same removable stainless-steel infuser, 1500W fast boil, and see-through glass body.</p>","<p>Si vous préparez surtout du thé pour vous-même ou que vous voulez quelque chose de facile à emporter, la bouilloire à infuseur de thé de 1 L est une favorite compacte et très bien cotée, adorée par des milliers d'amateurs de thé. Si vous infusez pour toute la maisonnée ou des invités, optez pour le modèle de 1,7 L ou 1,8 L pour une pleine théière d'un seul coup. Toutes partagent le même infuseur amovible en acier inoxydable, l'ébullition rapide de 1500 W et le corps en verre transparent.</p>"
"<p>If you only drink black tea, instant coffee, or just need hot water fast, a Fast-Boil kettle is all you need. But if you enjoy green, white, or oolong tea — or brew pour-over coffee — temperature control makes a real difference in flavor, since those drinks taste best below a full boil.</p>","<p>Si vous ne buvez que du thé noir, du café instantané ou que vous avez simplement besoin d'eau chaude rapidement, une bouilloire à ébullition rapide suffit amplement. Mais si vous appréciez le thé vert, blanc ou oolong — ou que vous préparez du café filtre à la main — le contrôle de température fait une vraie différence de saveur, puisque ces boissons sont meilleures en dessous de la pleine ébullition.</p>"
"<p>Introducing the Chefman reForm Collection - our flagship line of products designed to outperform and outlast, backed by a five year warranty. The reForm Collection is engineered from the ground up, with every detail and facet honed to bring tier-one experiences to your home. Each product in the reForm Collection is designed to go toe-to-toe with the best, consistently delivering superior value and extraordinary performance. </p>","<p>Voici la reForm Collection de Chefman — notre gamme phare de produits conçus pour surpasser et durer, appuyée par une garantie de cinq ans. La reForm Collection est conçue de fond en comble, chaque détail et chaque facette peaufinés pour apporter des expériences de premier ordre à votre foyer. Chaque produit de la reForm Collection est conçu pour rivaliser avec les meilleurs, offrant constamment une valeur supérieure et des performances extraordinaires. </p>"
"<p>It depends on the model. Chefman offers a gooseneck for every level — from a simple one-touch boiler to models with temperature presets for dialing in the ideal heat for coffee, matcha, or delicate teas. Check the details on the specific model you're considering.</p>","<p>Cela dépend du modèle. Chefman propose une bouilloire à col de cygne pour tous les niveaux — d'une simple bouilloire à une touche à des modèles dotés de préréglages de température pour ajuster la chaleur idéale pour le café, le matcha ou les thés délicats. Consultez les détails du modèle précis qui vous intéresse.</p>"
"<p>It depends on the pod's materials and your local recycling rules; some plastic or aluminum pods can be recycled if you separate the lid, empty the grounds, and follow your area's guidelines, and certain brands offer their own take-back programs. If reducing waste is a priority, a reusable refillable pod is the simplest way to cut down on single-use packaging.</p>","<p>Cela dépend des matériaux de la capsule et des règles de recyclage de votre région; certaines capsules en plastique ou en aluminium peuvent être recyclées si vous séparez le couvercle, videz le café moulu et suivez les directives de votre région, et certaines marques offrent leurs propres programmes de reprise. Si la réduction des déchets est une priorité, une capsule réutilisable et rechargeable est la façon la plus simple de réduire les emballages à usage unique.</p>"
"<p>It depends on what you value. Stainless steel is more durable, hides water spots, and gives you a classic metal look, but you can't see the water inside. Glass lets you watch the water boil and check the level at a glance. Chefman offers both, so you can pick the trade-off that fits your kitchen.</p>","<p>Cela dépend de ce qui compte pour vous. L'acier inoxydable est plus durable, dissimule les traces d'eau et offre un look métallique classique, mais vous ne pouvez pas voir l'eau à l'intérieur. Le verre vous permet de regarder l'eau bouillir et de vérifier le niveau d'un coup d'œil. Chefman propose les deux, vous pouvez donc choisir le compromis qui convient à votre cuisine.</p>"
"<p>It's a great match for pour-over coffee and French press, since it keeps water hot between pours instead of cooling off. Coffee brews best around 195–205°F, so if you want precise control, choose a keep-warm model that also offers temperature presets rather than a boil-only version.</p>","<p>C'est un excellent choix pour le café filtre et la cafetière à piston, car il garde l'eau chaude entre les versées plutôt que de la laisser refroidir. Le café infuse le mieux autour de 91–96 °C, donc si vous voulez un contrôle précis, choisissez un modèle à maintien au chaud qui offre aussi des températures préréglées plutôt qu'une version qui ne fait que bouillir.</p>"
<p>It’s not actually free we just price it into the products.</p>,"<p>Ce n'est pas vraiment gratuit, nous l'incluons simplement dans le prix des produits.</p>"
"<p>Keep-Warm kettles are for slow sippers, work-from-home tea drinkers, and big-mug coffee lovers — anyone who comes back for a second or third cup over the course of a morning and is tired of re-boiling every time. They're also a smart pick for hosting, when you want water ready for a round of tea without babysitting the kettle, and for households that refill throughout the day. If you like the idea of steeping and serving from one vessel, choose a keep-warm model with a built-in tea infuser.</p>","<p>Les bouilloires à maintien au chaud sont conçues pour ceux qui sirotent lentement, les amateurs de thé en télétravail et les amateurs de café en grande tasse — quiconque revient pour une deuxième ou une troisième tasse au cours d'une matinée et en a assez de refaire bouillir l'eau chaque fois. Elles constituent aussi un choix judicieux pour recevoir, lorsque vous voulez de l'eau prête pour une tournée de thé sans avoir à surveiller la bouilloire, et pour les foyers qui refont le plein tout au long de la journée. Si l'idée d'infuser et de servir à partir d'un seul contenant vous plaît, choisissez un modèle à maintien au chaud doté d'un infuseur à thé intégré.</p>"
<p>Let your customers get in touch with you by filling out the email form below.</p>,<p>Permettez à vos clients de vous joindre en remplissant le formulaire de courriel ci-dessous.</p>
"<p>Love the convenience but want less waste? Many single-serve machines accept refillable pods, so you can use your own coffee and skip the disposable capsules entirely.</p>","<p>Vous aimez la commodité, mais souhaitez réduire le gaspillage? De nombreuses machines à portion individuelle acceptent des capsules réutilisables, ce qui vous permet d'utiliser votre propre café et d'éviter entièrement les capsules jetables.</p>"
<p>Make sure the unit is unplugged and cooled.</p>,<p>Assurez-vous que l'appareil est débranché et refroidi.</p>
"<p>Many espresso machines include a steam wand, which injects steam into milk to heat it and create microfoam for drinks like lattes and cappuccinos. It takes a little practice to position the wand and texture the milk well, but most people get the hang of it within a few tries.</p>","<p>De nombreuses machines à espresso comprennent une buse à vapeur, qui injecte de la vapeur dans le lait pour le chauffer et créer une micromousse pour des boissons comme les lattés et les cappuccinos. Il faut un peu de pratique pour positionner la buse et bien texturer le lait, mais la plupart des gens y arrivent après quelques essais.</p>"
"<p>Many single-serve machines are designed to accept popular single-cup pod styles, such as the common K-Cup style sold by lots of different coffee brands. It's always smart to check your machine's instructions for the pod size and shape it supports, since not every pod format fits every brewer.</p>","<p>De nombreuses machines à portion individuelle sont conçues pour accepter les styles de capsules à tasse unique populaires, comme le style K-Cup courant vendu par de nombreuses marques de café différentes. Il est toujours judicieux de consulter les instructions de votre machine pour connaître la taille et la forme des capsules qu'elle prend en charge, car tous les formats de capsules ne conviennent pas à toutes les cafetières.</p>"
"<p>Master the shot and you've unlocked an entire menu:</p><ul><li><strong>Latte</strong> — espresso plus lots of steamed milk</li><li><strong>Cappuccino</strong> — equal parts espresso, steamed milk, and foam</li><li><strong>Flat white</strong> — espresso plus velvety microfoam</li><li><strong>Americano</strong> — espresso plus hot water</li></ul>","<p>Maîtrisez l'extraction et vous débloquez tout un menu :</p><ul><li><strong>Latté</strong> — espresso avec beaucoup de lait vapeur</li><li><strong>Cappuccino</strong> — parts égales d'espresso, de lait vapeur et de mousse</li><li><strong>Flat white</strong> — espresso avec une micromousse veloutée</li><li><strong>Americano</strong> — espresso avec de l'eau chaude</li></ul>"
"<p>Meet the kettle built for the perfect pour. Chefman gooseneck kettles give you the slow, controlled stream that pour-over coffee and matcha depend on — in a compact design that looks as good on the counter as it performs.</p>",<p>Découvrez la bouilloire conçue pour la versée parfaite. Les bouilloires à col de cygne Chefman vous offrent le débit lent et contrôlé dont dépendent le café filtre et le matcha — dans un design compact aussi beau sur le comptoir qu'il est performant.</p>
<p>Meticulously designed. Engineered to endure.</p>,<p>Conçue méticuleusement. Fabriquée pour durer.</p>
"<p>Most single-serve machines let you select from a few brew sizes, so you can make anything from a small, strong cup to a larger, milder travel mug. Keep in mind that the same pod brewed at a larger size produces a more diluted cup, so smaller sizes generally taste bolder.</p>","<p>La plupart des machines à portion individuelle vous permettent de choisir parmi quelques formats d'infusion, ce qui vous permet de préparer aussi bien une petite tasse corsée qu'une grande tasse de voyage plus douce. N'oubliez pas que la même capsule infusée dans un plus grand format produit une tasse plus diluée, alors les plus petits formats ont généralement un goût plus prononcé.</p>"
"<p>No matter which one you choose, you can count on these.</p>","<p>Peu importe votre choix, vous pouvez compter sur ces atouts.</p>"
<p>Not sure where to start?<br/>Try these collections:</p>,<p>Vous ne savez pas par où commencer?<br/>Essayez ces collections :</p>
"<p>Now that you've seen the types, here's the vocabulary behind them — the five choices that separate one kettle from another.</p>","<p>Maintenant que vous avez vu les types, voici le vocabulaire qui les accompagne — les cinq choix qui distinguent une bouilloire d'une autre.</p>"
"<p>Obsessively engineered inside and out,<br/>backed by a class-leading five year warranty.</p>","<p>Conçu avec obsession de l'intérieur comme de l'extérieur,<br/>et soutenu par une garantie de cinq ans, la meilleure de sa catégorie.</p>"
"<p>Obsessively engineered inside and out,<br/>backed by a class-leading five-year warranty.</p>","<p>Conçu avec obsession de l'intérieur comme de l'extérieur,<br/>et soutenu par une garantie de cinq ans, la meilleure de sa catégorie.</p>"
<p>Our award-winning products set the standard for culinary excellence.</p>,<p>Nos produits primés établissent la norme en matière d'excellence culinaire.</p>
<p>Our award-winning products set the standard for culinary excellence</p>,<p>Nos produits primés établissent la norme en matière d'excellence culinaire</p>
"<p>Our ExacTemp™ line of appliances are equipped to deliver perfect results through easy to use cooking presets. Featuring a built-in cooking thermometer, you can rest at ease knowing your meals will be cooked just the way you like. ExacTemp™ offers pinpoint accuracy with unparalleled convenience, bar none.</p>","<p>Notre gamme d'appareils ExacTemp™ est équipée pour offrir des résultats parfaits grâce à des programmes de cuisson faciles à utiliser. Dotée d'un thermomètre de cuisson intégré, elle vous permet d'avoir l'esprit tranquille en sachant que vos plats seront cuits exactement comme vous les aimez. ExacTemp™ offre une précision extrême avec une commodité inégalée, sans exception.</p>"
"<p>Our products are designed with you in mind, meticulously engineered inside and out, and ready to go the distance.</p>","<p>Nos produits sont conçus en pensant à vous, méticuleusement fabriqués de l'intérieur comme de l'extérieur, et prêts à tenir la distance.</p>"
"<p>Our vision is to boldly reimagine the kitchen space as a testament to the union of art and utility, combining passion and innovation to make the home-cooking experience exceptional.</p>","<p>Notre vision est de réimaginer audacieusement l'espace cuisine comme un témoignage de l'union entre l'art et l'utilité, en alliant passion et innovation pour rendre l'expérience de la cuisine maison exceptionnelle.</p>"
"<p>Pair text with a video to focus on your chosen product, collection, or blog post. Add details on availability, style, or even provide a review.</p>","<p>Associez du texte à une vidéo pour mettre en valeur le produit, la collection ou l'article de blogue de votre choix. Ajoutez des détails sur la disponibilité, le style, ou même fournissez un avis.</p>"
"<p>Pair text with an image to focus on your chosen product, collection, or blog post. Add details on availability, style, or even provide a review.</p>","<p>Associez du texte à une image pour mettre en valeur le produit, la collection ou l'article de blogue de votre choix. Ajoutez des détails sur la disponibilité, le style, ou même fournissez un avis.</p>"
"<p>Paper filters trap more oils and fine grounds, giving a cleaner, brighter cup, and they make cleanup easy. Reusable mesh filters cut down on waste and let more oils through for a fuller body, so the best choice really comes down to your taste and convenience preferences.</p>","<p>Les filtres en papier retiennent plus d'huiles et de fines particules de mouture, ce qui donne une tasse plus nette et plus vive, et ils facilitent le nettoyage. Les filtres en maille réutilisables réduisent le gaspillage et laissent passer plus d'huiles pour un corps plus riche, alors le meilleur choix dépend vraiment de vos préférences en matière de goût et de commodité.</p>"
"<p>Please read our <a href=""#"" title=""FAQ's"">FAQs</a> page to find out more.</p>","<p>Veuillez consulter notre page <a href=""#"" title=""FAQ's"">FAQ</a> pour en savoir plus.</p>"
"<p>Please read our <a href=""/pages/faqs"" title=""FAQ's"">FAQs</a> page to find out more.</p>","<p>Veuillez consulter notre page <a href=""/pages/faqs"" title=""FAQ's"">FAQ</a> pour en savoir plus.</p>"
<p>Plug in the unit. Place a large cup (at least 12 oz.) under the brew head.</p>,<p>Branchez l'appareil. Placez une grande tasse (d'au moins 355 mL) sous la tête d'infusion.</p>
"<p>Pour-over and French press coffee brew best around 195–205°F, just below boiling. A temperature-control kettle lets you hit that window consistently for a cleaner, more even extraction.</p>","<p>Le café filtre et le café à piston infusent le mieux autour de 91–96 °C, juste sous le point d'ébullition. Une bouilloire à contrôle de température vous permet d'atteindre cette plage de façon constante pour une extraction plus nette et plus uniforme.</p>"
<p>Prepare a commercial descaler according to the package directions OR a 50/50 mix of water and distilled vinegar. Fill the water reservoir completely with the mixture.</p>,<p>Préparez un détartrant commercial selon les directives de l'emballage OU un mélange 50/50 d'eau et de vinaigre distillé. Remplissez complètement le réservoir d'eau avec le mélange.</p>
"<p>Preset kettles let you pick from 5 preset temperatures matched to different teas. Advanced digital models step up to as many as 7 presets, add a steep timer for perfect brewing, and include a keep-warm function that holds your water hot for up to an hour.</p>","<p>Les bouilloires à préréglages vous permettent de choisir parmi 5 températures préréglées adaptées à différents thés. Les modèles numériques avancés vont jusqu'à 7 préréglages, ajoutent une minuterie d'infusion pour une infusion parfaite et comprennent une fonction de maintien au chaud qui garde votre eau chaude jusqu'à une heure.</p>"
<p>Press <strong>CLEAN </strong>to return to Standby mode.</p>,<p>Appuyez sur <strong>CLEAN </strong>pour revenir en mode veille.</p>
"<p>Press the <strong>CLEAN </strong>button, then the <strong>BREW | STOP </strong>button. The unit will cycle the cleaning solution through its internal parts and dispense into the cup</p>","<p>Appuyez sur le bouton <strong>CLEAN </strong>, puis sur le bouton <strong>BREW | STOP </strong>. L'appareil fera circuler la solution de nettoyage dans ses composants internes et la versera dans la tasse</p>"
<p>Refer a friend and get 15% off each other.</p>,<p>Parrainez un ami et obtenez tous les deux 15 % de rabais.</p>
"<p>Regularly wash the removable parts like the drip tray and pod holder, and run a descaling cycle every few months to remove mineral buildup from the water that can affect taste and performance. You can use a store-bought descaling solution or a diluted white vinegar rinse, always followed by a few cycles of fresh water. Descaling more often helps if you have hard water.</p>","<p>Lavez régulièrement les pièces amovibles comme le plateau d'égouttement et le porte-capsule, et effectuez un cycle de détartrage tous les quelques mois pour éliminer les dépôts minéraux de l'eau qui peuvent nuire au goût et au rendement. Vous pouvez utiliser une solution de détartrage vendue en magasin ou un rinçage au vinaigre blanc dilué, toujours suivi de quelques cycles à l'eau fraîche. Un détartrage plus fréquent est utile si votre eau est dure.</p>"
"<p>Repeat the cleaning cycles, emptying the cup each time, until the <strong>LOW WATER </strong>light comes on.</p>","<p>Répétez les cycles de nettoyage, en vidant la tasse chaque fois, jusqu'à ce que le voyant <strong>LOW WATER </strong>s'allume.</p>"
"<p>Repeat the cleaning cycles, emptying the cup each time, until the <strong>LOW WATER </strong>light comes on.</p>","<p>Répétez les cycles de nettoyage, en vidant la tasse à chaque fois, jusqu'à ce que le voyant <strong>NIVEAU D'EAU BAS </strong>s'allume.</p>"
<p>Repeat until the <strong>LOW WATER </strong>light comes on</p>,<p>Répétez jusqu'à ce que le voyant <strong>LOW WATER </strong>s'allume</p>
"<p>Replace the charcoal water filter cartridge every 1 to 2 months, at a minimum, following the instructions on page 10, steps 4-6</p>","<p>Remplacez la cartouche de filtre à eau au charbon tous les 1 à 2 mois, au minimum, en suivant les instructions à la page 10, étapes 4 à 6</p>"
<p>Rinse the water reservoir thoroughly. Return it to the base and refill with<br/>fresh water.</p>,<p>Rincez soigneusement le réservoir d'eau. Replacez-le sur la base et remplissez-le d'eau<br/>fraîche.</p>
<p>Save $30 when buying all 3 items</p>,<p>Économisez 30 $ à l'achat des 3 articles</p>
"<p>Select Chefman stainless-steel models are digital and offer temperature presets, so you can dial in the right heat for green, white, or oolong tea and pour-over coffee. Simpler boil-only stainless kettles heat to a full 212°F boil, which is ideal for black tea, instant coffee, and ramen.</p>","<p>Certains modèles Chefman en acier inoxydable sont numériques et offrent des préréglages de température, ce qui vous permet de choisir la chaleur idéale pour le thé vert, blanc ou oolong et le café à infusion lente. Les bouilloires en acier inoxydable plus simples, à ébullition seulement, chauffent jusqu'à une pleine ébullition de 100 °C, ce qui est parfait pour le thé noir, le café instantané et les ramen.</p>"
"<p>Select Chefman stainless-steel models include a keep-warm function that holds water hot for up to an hour after boiling, so your second or third cup is ready without reheating. Boil-only models don't keep warm, so check a model's features if this matters to you.</p>","<p>Certains modèles Chefman en acier inoxydable comprennent une fonction de maintien au chaud qui garde l'eau chaude jusqu'à une heure après l'ébullition, de sorte que votre deuxième ou troisième tasse est prête sans réchauffage. Les modèles à ébullition seulement ne maintiennent pas au chaud, alors vérifiez les caractéristiques d'un modèle si cela compte pour vous.</p>"
"<p>Share information about your brand with your customers. Describe a product, share announcements, or welcome customers to your store. Share information about your brand with your customers. Describe a product, share announcements, or welcome customers to your store.</p>","<p>Communiquez de l'information sur votre marque à vos clients. Décrivez un produit, partagez des annonces ou souhaitez la bienvenue aux clients dans votre boutique. Communiquez de l'information sur votre marque à vos clients. Décrivez un produit, partagez des annonces ou souhaitez la bienvenue aux clients dans votre boutique.</p>"
"<p>Share information about your brand with your customers. Describe a product, share announcements, or welcome customers to your store.</p>","<p>Communiquez de l'information sur votre marque à vos clients. Décrivez un produit, partagez des annonces ou souhaitez la bienvenue aux clients dans votre boutique.</p>"
<p>Share information about your brand with your customers.</p>,<p>Communiquez de l'information sur votre marque à vos clients.</p>
<p>Shop our gourmet espresso machines and premium capsule brewers.</p>,<p>Magasinez nos machines à espresso gastronomiques et nos cafetières à capsules haut de gamme.</p>
<p>Shop the Sale!</p>,<p>Magasinez les soldes!</p>
"<p>Single-serve machines are built to brew one cup at a time rather than a full carafe, which is part of what makes them so compact and quick. If you regularly need to serve several people at once, a traditional drip coffee maker or a hybrid machine that offers both single-cup and carafe brewing may suit you better.</p>","<p>Les machines à portion individuelle sont conçues pour infuser une tasse à la fois plutôt qu'une carafe entière, ce qui contribue à les rendre aussi compactes et rapides. Si vous devez régulièrement servir plusieurs personnes à la fois, une cafetière filtre traditionnelle ou une machine hybride offrant à la fois l'infusion à la tasse et à la carafe pourrait mieux vous convenir.</p>"
"<p>Single-serve shines for solo drinkers, busy mornings, and households where everyone wants something different. If speed, consistency, and zero cleanup matter more than dialing in every variable, this is your machine.</p>","<p>La portion individuelle est idéale pour les buveurs en solo, les matins pressés et les ménages où chacun veut quelque chose de différent. Si la rapidité, la constance et l'absence de nettoyage comptent plus que le réglage de chaque variable, c'est la machine qu'il vous faut.</p>"
"<p>Stainless steel is for shoppers who want a durable, classic metal kettle and don't need to see the water inside. It's a great fit if you value longevity and a tidy, spot-hiding finish, if you have a busy household that puts appliances through their paces, or if you simply prefer the timeless look of metal on the counter. Boil-only models suit everyday coffee and black-tea drinkers, while digital versions with presets and keep-warm reward anyone who likes to fine-tune their brew.</p>","<p>L'acier inoxydable s'adresse aux acheteurs qui veulent une bouilloire en métal durable et classique et qui n'ont pas besoin de voir l'eau à l'intérieur. C'est un excellent choix si vous accordez de l'importance à la longévité et à un fini soigné qui camoufle les traces, si vous avez un ménage occupé qui met les appareils à rude épreuve, ou si vous préférez simplement l'allure intemporelle du métal sur le comptoir. Les modèles à ébullition seulement conviennent aux amateurs de café et de thé noir au quotidien, tandis que les versions numériques avec préréglages et maintien au chaud récompensent quiconque aime peaufiner son infusion.</p>"
"<p>Subscribe to our newsletter and be the first to hear about our new arrivals, special promotions and online exclusives.</p>","<p>Abonnez-vous à notre infolettre et soyez le premier à être informé de nos nouveautés, de nos promotions spéciales et de nos exclusivités en ligne.</p>"
"<p>Tea infuser kettles are made for loose-leaf and bagged-tea lovers who want fewer dishes and less fuss. If you'd rather not juggle a kettle, a teapot, and a separate strainer — or you simply want to brew a quick mug without extra cleanup — this is your kettle. It suits everyone from the solo sipper reaching for a compact 1L on a small counter to the household that wants a full pot to share, and it's just as happy with a bag of everyday black tea as with a spoonful of premium loose-leaf.</p>","<p>Les bouilloires avec infuseur à thé sont conçues pour les amateurs de thé en feuilles et en sachet qui veulent moins de vaisselle et moins de tracas. Si vous préférez ne pas jongler avec une bouilloire, une théière et une passoire séparée — ou si vous voulez simplement infuser rapidement une tasse sans nettoyage supplémentaire — c'est la bouilloire qu'il vous faut. Elle convient à tout le monde, du buveur en solo qui opte pour un modèle compact de 1 L sur un petit comptoir jusqu'au ménage qui veut une pleine théière à partager, et elle se prête aussi bien à un sachet de thé noir de tous les jours qu'à une cuillerée de thé en feuilles haut de gamme.</p>"
"<p>Temperature-control kettles are made for tea connoisseurs and pour-over coffee fans. If you drink green, white, or oolong tea — the delicate leaves that turn bitter in boiling water — this is the upgrade that changes everything. It's also ideal for anyone brewing pour-over coffee who wants repeatable results, and for households that want one kettle to handle it all, from a full 212°F boil for black tea to a gentle 170°F for a morning green. If you only drink black tea, instant coffee, or simply need hot water fast, a simpler Fast-Boil kettle may be all you need.</p>","<p>Les bouilloires à contrôle de température sont conçues pour les connaisseurs de thé et les amateurs de café à infusion lente. Si vous buvez du thé vert, blanc ou oolong — ces feuilles délicates qui deviennent amères dans l'eau bouillante — c'est l'amélioration qui change tout. Elle est aussi idéale pour quiconque prépare du café à infusion lente et souhaite des résultats reproductibles, et pour les ménages qui veulent une seule bouilloire pour tout faire, d'une pleine ébullition à 100 °C pour le thé noir à un doux 77 °C pour un thé vert du matin. Si vous ne buvez que du thé noir, du café instantané, ou si vous avez simplement besoin d'eau chaude rapidement, une bouilloire Fast-Boil plus simple pourrait suffire à vos besoins.</p>"
"<p>The choice is yours. With our bundle builder, you can select any combination from our range of products. The easiest way to keep everyone happy.</p>","<p>Le choix vous appartient. Grâce à notre créateur d'ensembles, vous pouvez sélectionner n'importe quelle combinaison parmi notre gamme de produits. La façon la plus simple de plaire à tout le monde.</p>"
"<p>The Crispinator Max™ Air Fryer & Toaster Oven cooks faster and more evenly than a standard oven, powered by six heating elements, a convection fan and temperatures up to 260°C. Ten cook functions and four fan speeds let it replace up to six kitchen appliances — air frying, baking, broiling, roasting, reheating, dehydrating, proofing, keep-warm, toast and bagel. A 2.7-litre air frying basket, three rack positions and a windowed door handle everything from a batch of fries to a whole chicken.</p>","<p>Le four grille-pain et friteuse à air Crispinator Max™ cuit plus rapidement et plus uniformément qu'un four ordinaire, grâce à six éléments chauffants, un ventilateur à convection et des températures pouvant atteindre 260 °C. Dix fonctions de cuisson et quatre vitesses de ventilation lui permettent de remplacer jusqu'à six appareils de cuisine — friture à air, cuisson au four, gril, rôtissage, réchauffage, déshydratation, levée de la pâte, maintien au chaud, rôtie et bagel. Un panier à friture à air de 2,7 L, trois positions de grille et une porte vitrée permettent de tout préparer, d'une portion de frites à un poulet entier.</p>"
"<p>The Crispinator™ Air Fryer delivers restaurant-style results with 232°C max heat, a 3600 RPM motor, and a 7.6-litre capacity. Cook up to 40% faster with 6 cooking functions in an award-winning low-profile design.</p>","<p>La friteuse à air Crispinator™ offre des résultats dignes d'un restaurant avec une chaleur maximale de 232 °C, un moteur de 3600 tr/min et une capacité de 7,6 L. Cuisez jusqu'à 40 % plus rapidement grâce à 6 fonctions de cuisson dans un design à profil bas primé.</p>"
"<p>The dedicated pick is the 1.8L Keep-Warm Electric Tea Kettle, which pairs the keep-warm function with a removable tea infuser and heating-versus-keep-warm status lights. Keep-warm is also built into select temperature-control and stainless-steel models, as well as the digital reForm Collection, so you can get the hold feature in other sizes and styles — for example, a temperature-control model that adds presets for green or white tea.</p>","<p>Le choix par excellence est la bouilloire électrique à thé avec maintien au chaud de 1,8 L, qui associe la fonction de maintien au chaud à un infuseur à thé amovible et à des voyants indiquant le chauffage ou le maintien au chaud. Le maintien au chaud est aussi intégré à certains modèles à contrôle de température et en acier inoxydable, ainsi qu'à la reForm Collection numérique, de sorte que vous pouvez obtenir cette fonction dans d'autres formats et styles — par exemple, un modèle à contrôle de température qui ajoute des préréglages pour le thé vert ou blanc.</p>"
"<p>The fastest path from craving to cup. Pop in a pod, press a button, and you've got a fresh single serving in under a minute — no grinding, no measuring, no mess.</p>","<p>Le chemin le plus rapide de l'envie à la tasse. Insérez une capsule, appuyez sur un bouton et vous obtenez une portion individuelle fraîche en moins d'une minute — sans mouture, sans mesure, sans dégât.</p>"
"<p>The fastest way to hot water in your home — for tea, pour-over coffee, and everything in between. Here's how our kettles differ, so you can pick with confidence.</p>","<p>La façon la plus rapide d'obtenir de l'eau chaude à la maison — pour le thé, le café à infusion lente et tout le reste. Voici en quoi nos bouilloires diffèrent, pour que vous puissiez choisir en toute confiance.</p>"
"<p>The foundation of café culture at home. Espresso machines use pressure to pull a small, intense shot of coffee — the rich base for everything from a morning cappuccino to an afternoon americano.</p>","<p>Le fondement de la culture du café à la maison. Les machines à espresso utilisent la pression pour extraire une petite dose de café intense — la base riche de tout, du cappuccino du matin à l'americano de l'après-midi.</p>"
"<p>The keep-warm function holds your water hot for up to an hour after the kettle finishes boiling, instead of letting it cool right away. That means you can pour a second or third cup on demand without re-boiling — ideal if you sip slowly or refill throughout the day.</p>","<p>La fonction de maintien au chaud garde votre eau chaude jusqu'à une heure après que la bouilloire a terminé de bouillir, au lieu de la laisser refroidir immédiatement. Cela signifie que vous pouvez verser une deuxième ou troisième tasse au besoin sans faire rebouillir l'eau — idéal si vous buvez lentement ou si vous en resservez tout au long de la journée.</p>"
"<p>The keep-warm mode is designed to hold water hot for up to about an hour, not to run indefinitely. For the best-tasting water it's better to boil fresh when you need it. Automatic shut-off and boil-dry protection are built in for safety, and you should never run the kettle empty.</p>","<p>Le mode de maintien au chaud est conçu pour garder l'eau chaude pendant environ une heure, et non pour fonctionner indéfiniment. Pour une eau au meilleur goût, il vaut mieux la faire bouillir fraîchement au moment voulu. L'arrêt automatique et la protection contre l'ébullition à sec sont intégrés pour la sécurité, et vous ne devriez jamais faire fonctionner la bouilloire à vide.</p>"
"<p>The main difference is the spout. A regular electric kettle has a standard drip-free spout made for quick, everyday pouring, while a gooseneck kettle has a long, narrow, curved spout that pours a slow, precise stream. That control is what makes a gooseneck ideal for pour-over coffee and matcha, where the way you pour shapes the result. Chefman gooseneck kettles also come in a compact 0.8L size, so they suit solo brewers and small kitchens.</p>","<p>La principale différence est le bec. Une bouilloire électrique ordinaire est dotée d'un bec anti-goutte standard conçu pour un versement rapide au quotidien, tandis qu'une bouilloire à col de cygne possède un bec long, étroit et courbé qui verse un filet lent et précis. C'est ce contrôle qui rend le col de cygne idéal pour le café à infusion lente et le matcha, où la façon de verser façonne le résultat. Les bouilloires à col de cygne Chefman sont aussi offertes dans un format compact de 0,8 L, ce qui les rend parfaites pour les buveurs en solo et les petites cuisines.</p>"
"<p>The trusty workhorse of the coffee world. Drip machines brew a full pot of clean, consistent coffee with almost no effort — just add grounds and water, press a button, and walk away.</p>","<p>Le pilier fiable du monde du café. Les cafetières filtres infusent une pleine carafe de café propre et constant presque sans effort — il suffit d'ajouter la mouture et l'eau, d'appuyer sur un bouton et de vaquer à vos occupations.</p>"
"<p>There is a modest learning curve, since dialing in the grind, dose, and shot timing takes some experimentation at first. Most beginners improve quickly with practice, and machines with more automation can simplify the process if you'd prefer fewer variables to manage.</p>","<p>Il y a une légère courbe d'apprentissage, puisque le réglage de la mouture, de la dose et du temps d'extraction demande un peu d'expérimentation au départ. La plupart des débutants s'améliorent rapidement avec la pratique, et les machines plus automatisées peuvent simplifier le processus si vous préférez avoir moins de variables à gérer.</p>"
<p>These Chefman kettles are available now.</p>,<p>Ces bouilloires Chefman sont maintenant offertes.</p>
"<p>Think about how much you drink and how you like it served:</p><ul><li><strong>Capacity</strong> — a 12-cup carafe for a busy household, or a compact size for smaller kitchens.</li><li><strong>Programmable timer</strong> — wake up to a pot that's already brewed.</li><li><strong>Thermal carafe</strong> — keeps coffee hot for hours without a hot plate scorching the flavor.</li></ul>","<p>Pensez à la quantité que vous buvez et à la façon dont vous aimez la savourer :</p><ul><li><strong>Capacité</strong> — une carafe de 12 tasses pour un ménage occupé, ou un format compact pour les plus petites cuisines.</li><li><strong>Minuterie programmable</strong> — réveillez-vous devant une carafe déjà infusée.</li><li><strong>Carafe thermale</strong> — garde le café chaud pendant des heures sans qu'une plaque chauffante en altère la saveur.</li></ul>"
<p>Think you can pull the perfect shot? Stop the pour in the crema zone.</p>,<p>Vous pensez pouvoir extraire la dose parfaite? Arrêtez le versement dans la zone de la crema.</p>
<p>This site uses cookies for better user experience and analytics.</p>,<p>Ce site utilise des témoins pour améliorer l'expérience utilisateur et les analyses.</p>
"<p>To keep boil times fast and water tasting fresh, descale about once a month if you have hard water: fill with a 50/50 mix of water and white vinegar, boil, let it sit 15–20 minutes, then rinse well. Hand-wash the body and never submerge the electrical base.</p>","<p>Pour que les temps d'ébullition restent rapides et que l'eau garde un goût frais, détartrez environ une fois par mois si votre eau est dure : remplissez d'un mélange moitié-moitié d'eau et de vinaigre blanc, faites bouillir, laissez reposer de 15 à 20 minutes, puis rincez bien. Lavez le corps à la main et n'immergez jamais la base électrique.</p>"
"<p>Tough, timeless, and easy to wipe clean, a stainless-steel kettle brings a classic metal look to your counter along with the fast, safe boil Chefman is known for. It's the durable pick for shoppers who don't need to watch the water.</p>","<p>Robuste, intemporelle et facile à essuyer, une bouilloire en acier inoxydable apporte une allure métallique classique à votre comptoir, en plus de l'ébullition rapide et sécuritaire pour laquelle Chefman est reconnue. C'est le choix durable pour les acheteurs qui n'ont pas besoin de surveiller l'eau.</p>"
"<p>Use this section to explain a set of product features, to link to a series of pages, or to answer common questions about your products.</p>","<p>Utilisez cette section pour expliquer un ensemble de caractéristiques de produits, pour créer des liens vers une série de pages ou pour répondre aux questions courantes sur vos produits.</p>"
<p>Use this text area to tell your customers about your brand and vision. You can change it in the theme editor.</p>,<p>Utilisez cette zone de texte pour parler à vos clients de votre marque et de votre vision. Vous pouvez la modifier dans l'éditeur de thème.</p>
<p>Use this text to answer questions in as much detail as possible for your customers.</p>,<p>Utilisez ce texte pour répondre aux questions de vos clients avec le plus de détails possible.</p>
"<p>Use this text to share information about your brand with your customers. Describe a product, share announcements, or welcome customers to your store.</p>","<p>Utilisez ce texte pour communiquer de l'information sur votre marque à vos clients. Décrivez un produit, partagez des annonces ou souhaitez la bienvenue aux clients dans votre boutique.</p>"
"<p>Use this text to share information about your brand with your customers. Describe a product, share announcements, or welcome customers to your store.</p><p>Share information about your brand with your customers. Describe a product, share announcements, or welcome customers to your store.</p>","<p>Utilisez ce texte pour communiquer de l'information sur votre marque à vos clients. Décrivez un produit, partagez des annonces ou souhaitez la bienvenue aux clients dans votre boutique.</p><p>Communiquez de l'information sur votre marque à vos clients. Décrivez un produit, partagez des annonces ou souhaitez la bienvenue aux clients dans votre boutique.</p>"
"<p>Use this text to share information about your brand with your customers. Describe a product, share announcements, or welcome customers to your store.<br/><br/>Share information about your brand with your customers. Describe a product, share announcements, or welcome customers to your store. Share information about your brand with your customers. Describe a product, share announcements, or welcome customers to your store.</p>","<p>Utilisez ce texte pour communiquer de l'information sur votre marque à vos clients. Décrivez un produit, partagez des annonces ou souhaitez la bienvenue aux clients dans votre boutique.<br/><br/>Communiquez de l'information sur votre marque à vos clients. Décrivez un produit, partagez des annonces ou souhaitez la bienvenue aux clients dans votre boutique. Communiquez de l'information sur votre marque à vos clients. Décrivez un produit, partagez des annonces ou souhaitez la bienvenue aux clients dans votre boutique.</p>"
"<p>Use this text to share information about your brand with your customers. Describe a product, share announcements, or welcome customers to your store.<br>Use this text to share information about your brand with your customers. Describe a product, share announcements, or welcome customers to your store.<br>Use this text to share information about your brand with your customers. Describe a product, share announcements, or welcome customers to your store.</p>","<p>Utilisez ce texte pour communiquer de l'information sur votre marque à vos clients. Décrivez un produit, partagez des annonces ou souhaitez la bienvenue aux clients dans votre boutique.<br>Utilisez ce texte pour communiquer de l'information sur votre marque à vos clients. Décrivez un produit, partagez des annonces ou souhaitez la bienvenue aux clients dans votre boutique.<br>Utilisez ce texte pour communiquer de l'information sur votre marque à vos clients. Décrivez un produit, partagez des annonces ou souhaitez la bienvenue aux clients dans votre boutique.</p>"
<p>Video tutorials and guides</p>,<p>Tutoriels vidéo et guides</p>
"<p>Wash the carafe, filter basket, and lid after each use, and descale the machine roughly once a month if you brew daily, or more often with hard water. You can descale with a commercial descaling solution or a mix of equal parts white vinegar and water, followed by two cycles of fresh water to rinse.</p>","<p>Lavez la carafe, le panier-filtre et le couvercle après chaque utilisation, et détartrez la machine environ une fois par mois si vous infusez tous les jours, ou plus souvent si votre eau est dure. Vous pouvez détartrer avec une solution de détartrage commerciale ou un mélange à parts égales de vinaigre blanc et d'eau, suivi de deux cycles d'eau fraîche pour rincer.</p>"
"<p>We'd love to hear from you. Our team is here to help. <br/></p><p>Email: <a href=""mailto:support@chefman.com"" target=""_blank"" title=""mailto:support@chefman.com""><strong>support@chefman.com</strong></a></p><p>Call Toll Free: <a href=""tel:1-888-315-6553"" title=""tel:1-888-315-6553"">1-888-315-6553</a></p><p>Mon – Thurs: 09:00 – 17:00 (EST)<br/>Fri: 09:00 - 14:00 (EST)<br/>Sat & Sun: Closed</p>","<p>Nous aimerions avoir de vos nouvelles. Notre équipe est là pour vous aider. <br/></p><p>Courriel : <a href=""mailto:support@chefman.com"" target=""_blank"" title=""mailto:support@chefman.com""><strong>support@chefman.com</strong></a></p><p>Appel sans frais : <a href=""tel:1-888-315-6553"" title=""tel:1-888-315-6553"">1-888-315-6553</a></p><p>Lun – jeu : 09 h 00 – 17 h 00 (HNE)<br/>Ven : 09 h 00 - 14 h 00 (HNE)<br/>Sam et dim : Fermé</p>"
<p>We'd love to hear from you. Our team is here to help.</p>,<p>Nous aimerions avoir de vos nouvelles. Notre équipe est là pour vous aider.</p>
<p>We'd love to hear from you. Our team is here to help.<br/>Let your customers get in touch with you by filling out the email form below.</p>,<p>Nous aimerions avoir de vos nouvelles. Notre équipe est là pour vous aider.<br/>Permettez à vos clients de communiquer avec vous en remplissant le formulaire de courriel ci-dessous.</p>
"<p>We're proud to be America's number one brand of electric kettles, offering stellar performance and innovation at every price point. </p>","<p>Nous sommes fiers d'être la marque numéro un de bouilloires électriques en Amérique, offrant une performance et une innovation exceptionnelles à tous les prix. </p>"
"<p>We're redefining culinary experiences, blurring the lines between art and function, and designing better products for a better tomorrow.</p>","<p>Nous redéfinissons les expériences culinaires, brouillant les frontières entre l'art et la fonction, et concevant de meilleurs produits pour un avenir meilleur.</p>"
"<p>Welcome to our FAQ, we are so happy to have you here and as a client. <br/>We have tried to answer the most common questions.</p>","<p>Bienvenue dans notre FAQ, nous sommes très heureux de vous accueillir ici et de vous compter parmi nos clients. <br/>Nous avons tenté de répondre aux questions les plus courantes.</p>"
"<p>When the cycle has finished, discard the liquid in the cup and return the cup to the trivet. Press <strong>BREW | STOP </strong>again.</p>","<p>Une fois le cycle terminé, jetez le liquide dans la tasse et remettez la tasse sur le support. Appuyez de nouveau sur <strong>BREW | STOP </strong>.</p>"
"<p>Where drip relies on gravity, espresso relies on force. The machine heats water to the ideal temperature and pushes it through the grounds in about 25–30 seconds. The result is a small, syrupy shot with far more flavor and body than regular coffee.</p>","<p>Là où la cafetière filtre s'appuie sur la gravité, l'espresso s'appuie sur la force. La machine chauffe l'eau à la température idéale et la pousse à travers la mouture en environ 25 à 30 secondes. Le résultat est une petite dose sirupeuse offrant beaucoup plus de saveur et de corps qu'un café ordinaire.</p>"
"<p>While most appliances use AC motors to move air for convection cooking and air frying, our DC line of supercharged products takes it to the next level, moving more cubic feet of air per second while using less energy. Its faster RPM and higher-temp range unlocks cooking that's 40% faster than traditional methods.</p>","<p>Alors que la plupart des appareils utilisent des moteurs à courant alternatif pour déplacer l'air lors de la cuisson à convection et de la friture à air, notre gamme de produits suralimentés à courant continu passe au niveau supérieur en déplaçant un plus grand volume d'air par seconde tout en consommant moins d'énergie. Son régime plus élevé et sa plage de températures plus étendue permettent une cuisson 40 % plus rapide que les méthodes traditionnelles.</p>"
"<p>Wipe and purge the steam wand after every use to keep milk from drying inside it, and rinse the portafilter and basket regularly. Periodically descale the machine with a descaling solution or diluted white vinegar to remove mineral buildup, following your machine's instructions and the hardness of your local water.</p>","<p>Essuyez et purgez la buse à vapeur après chaque utilisation pour empêcher le lait de sécher à l'intérieur, et rincez régulièrement le porte-filtre et le panier. Détartrez périodiquement la machine avec une solution de détartrage ou du vinaigre blanc dilué pour éliminer les dépôts minéraux, en suivant les instructions de votre machine et selon la dureté de l'eau de votre région.</p>"
"<p>Wipe down the base of the unit with a damp cloth or sponge, if needed. Dry completely. <em>Never immerse the coffee maker or its plug in water.</em><br/><br/><strong>NOTE:</strong> The coffee maker and its accessories are <strong>NOT</strong> <strong>dishwasher safe.</strong></p>","<p>Essuyez la base de l'appareil avec un chiffon humide ou une éponge, au besoin. Séchez complètement. <em>N'immergez jamais la cafetière ni sa fiche dans l'eau.</em><br/><br/><strong>REMARQUE :</strong> La cafetière et ses accessoires ne vont <strong>PAS</strong> <strong>au lave-vaisselle.</strong></p>"
"<p>Wipe the exterior with a damp cloth and hand-wash the interior; never submerge the electrical base. If you have hard water, descale about once a month by boiling a 50/50 mix of water and white vinegar, letting it sit 15–20 minutes, then rinsing well. This keeps boil times fast and the water tasting fresh.</p>","<p>Essuyez l'extérieur avec un chiffon humide et lavez l'intérieur à la main; n'immergez jamais la base électrique. Si votre eau est dure, détartrez environ une fois par mois en faisant bouillir un mélange moitié-moitié d'eau et de vinaigre blanc, en laissant reposer de 15 à 20 minutes, puis en rinçant bien. Cela permet de garder des temps d'ébullition rapides et une eau au goût frais.</p>"
"<p>Yes, many single-serve brewers either include or are compatible with a reusable refillable pod that you fill with your own ground coffee. This lets you choose any roast or blend you like, often saves money over pre-filled pods, and reduces single-use waste. A medium grind, similar to what you'd use for drip coffee, usually works best.</p>","<p>Oui, de nombreuses cafetières à portion individuelle comprennent ou sont compatibles avec une capsule réutilisable et rechargeable que vous remplissez de votre propre café moulu. Cela vous permet de choisir la torréfaction ou le mélange que vous aimez, permet souvent d'économiser par rapport aux capsules préremplies et réduit les déchets à usage unique. Une mouture moyenne, semblable à celle que vous utiliseriez pour le café filtre, donne habituellement les meilleurs résultats.</p>"
"<p>Yes, on keep-warm models that include a removable infuser basket. Boil your water, drop in the basket with loose-leaf or bagged tea to steep, then lift it out — and the kettle keeps the pot warm while you serve, so it works just like a steep-and-serve teapot.</p>","<p>Oui, sur les modèles à maintien au chaud qui comprennent un panier-infuseur amovible. Faites bouillir votre eau, déposez le panier avec du thé en feuilles ou en sachet pour l'infusion, puis retirez-le — et la bouilloire garde la théière au chaud pendant que vous servez, de sorte qu'elle fonctionne exactement comme une théière à infuser et à servir.</p>"
"<p>Yes. A gooseneck kettle is great for matcha because the precise stream helps you add water gradually while whisking. Matcha and other delicate green teas taste best with water below a full boil, so a model with temperature presets makes it easy to reach the right heat.</p>","<p>Oui. Une bouilloire à col de cygne est excellente pour le matcha, car le filet précis vous aide à ajouter l'eau graduellement tout en fouettant. Le matcha et les autres thés verts délicats sont meilleurs avec une eau en deçà d'une pleine ébullition, alors un modèle avec préréglages de température facilite l'atteinte de la bonne chaleur.</p>"
"<p>Yes. Every Chefman gooseneck kettle includes automatic shut-off and boil-dry protection, lifts off a 360° cordless swivel base, is cETL approved, and is backed by a 1-year Chefman assurance.</p>","<p>Oui. Chaque bouilloire à col de cygne Chefman comprend un arrêt automatique et une protection contre l'ébullition à sec, se soulève d'une base pivotante sans fil à 360°, est approuvée cETL et est appuyée par une garantie Chefman d'un an.</p>"
"<p>Yes. Every Chefman kettle has automatic shut-off and boil-dry protection, lifts off a 360° cordless swivel base, and features a cool-touch handle. All models are cETL approved and backed by a 1-year Chefman assurance.</p>","<p>Oui. Chaque bouilloire Chefman comprend un arrêt automatique et une protection contre l'ébullition à sec, se soulève d'une base pivotante sans fil à 360° et est dotée d'une poignée qui reste froide au toucher. Tous les modèles sont approuvés cETL et appuyés par une garantie Chefman d'un an.</p>"
"<p>Yes. Every Chefman kettle has automatic shut-off and boil-dry protection, lifts off a 360° cordless swivel base, is cETL approved, and is backed by a 1-year Chefman assurance. Stay-cool handles add everyday peace of mind.</p>","<p>Oui. Chaque bouilloire Chefman comprend un arrêt automatique et une protection contre l'ébullition à sec, se soulève d'une base pivotante sans fil à 360°, est approuvée cETL et est appuyée par une garantie Chefman d'un an. Les poignées qui restent froides ajoutent une tranquillité d'esprit au quotidien.</p>"
"<p>Yes. Every Chefman kettle has automatic shut-off that turns it off once the water boils and boil-dry protection that keeps it from powering on empty. They're cETL approved, sit on a 360° cordless base, have a cool-touch handle, and are backed by a 1-year Chefman assurance.</p>","<p>Oui. Chaque bouilloire Chefman est dotée d'un arrêt automatique qui l'éteint une fois l'eau bouillie et d'une protection contre l'ébullition à sec qui l'empêche de s'allumer à vide. Elles sont approuvées cETL, reposent sur une base sans fil à 360°, possèdent une poignée qui reste froide au toucher et sont appuyées par une garantie Chefman d'un an.</p>"
"<p>Yes. Every Fast-Boil size also comes in a tea-infuser version with a removable stainless-steel basket, so you can boil water and steep loose-leaf or bagged tea in one vessel. The standard Fast-Boil models are boil-only and pair nicely with a separate teapot or infuser.</p>","<p>Oui. Chaque format Fast-Boil est aussi offert dans une version avec infuseur à thé dotée d'un panier amovible en acier inoxydable, de sorte que vous pouvez faire bouillir de l'eau et infuser du thé en feuilles ou en sachet dans un seul récipient. Les modèles Fast-Boil standard sont à ébullition seulement et s'accordent bien avec une théière ou un infuseur séparé.</p>"
"<p>Yes. Every model features automatic shut-off and boil-dry protection, lifts off a 360° cordless swivel base, is cETL approved, and is backed by a 1-year Chefman assurance. Cool-touch handles add everyday peace of mind.</p>","<p>Oui. Chaque modèle est doté d'un arrêt automatique et d'une protection contre l'ébullition à sec, se soulève d'une base pivotante sans fil à 360°, est approuvé cETL et est appuyé par une garantie Chefman d'un an. Les poignées qui restent froides ajoutent une tranquillité d'esprit au quotidien.</p>"
"<p>Yes. Temperature-control kettles include a full-boil option alongside their lower presets, so you can brew black or herbal tea, make instant coffee, or cook ramen and oatmeal at 212°F, then switch to a gentler setting for green or white tea.</p>","<p>Oui. Les bouilloires à contrôle de température comprennent une option de pleine ébullition en plus de leurs préréglages plus bas, de sorte que vous pouvez infuser du thé noir ou des tisanes, préparer du café instantané ou cuire des ramen et du gruau à 100 °C, puis passer à un réglage plus doux pour le thé vert ou blanc.</p>"
"<p>Yes. The removable stainless-steel infuser basket holds loose-leaf tea for full-flavored brewing, and it works just as well with tea bags when that's what you have on hand. Because the basket lifts right out, you can steep to your preferred strength and remove the leaves before the tea turns bitter.</p>","<p>Oui. Le panier-infuseur amovible en acier inoxydable contient du thé en feuilles pour une infusion pleine de saveur, et il fonctionne tout aussi bien avec des sachets de thé lorsque c'est ce que vous avez sous la main. Comme le panier se retire facilement, vous pouvez infuser à l'intensité que vous préférez et retirer les feuilles avant que le thé ne devienne amer.</p>"
"<p>You can use any roast you enjoy, though medium to dark roasts are popular for espresso because of their fuller body. The grind matters most: espresso needs a fine, consistent grind, so look for beans or pre-ground coffee labeled for espresso, and adjust finer if shots run too fast or coarser if they run too slow.</p>","<p>Vous pouvez utiliser n'importe quelle torréfaction que vous appréciez, bien que les torréfactions moyennes à foncées soient populaires pour l'espresso en raison de leur corps plus prononcé. La mouture est ce qui compte le plus : l'espresso nécessite une mouture fine et uniforme, alors recherchez des grains ou du café prémoulu portant la mention espresso, et ajustez plus fin si les doses coulent trop vite ou plus grossier si elles coulent trop lentement.</p>"
"<p>You can, with a small adjustment. Tea infuser kettles are Fast-Boil models that heat to a full 212°F, which is perfect for black and herbal teas. Delicate green, white, and oolong teas taste best below the boil, so let the water cool briefly off the boil before steeping — or choose a Chefman temperature-control kettle that lets you dial in an exact, lower temperature.</p>","<p>Vous le pouvez, avec un petit ajustement. Les bouilloires avec infuseur à thé sont des modèles Fast-Boil qui chauffent jusqu'à une pleine ébullition de 100 °C, ce qui est parfait pour les thés noirs et les tisanes. Les thés verts, blancs et oolong délicats sont meilleurs en deçà de l'ébullition, alors laissez l'eau refroidir brièvement après l'ébullition avant d'infuser — ou choisissez une bouilloire Chefman à contrôle de température qui vous permet de régler une température exacte et plus basse.</p>"
<p>Your payment information is processed securely</p>,<p>Vos renseignements de paiement sont traités de façon sécurisée</p>
"<p>⚠<strong>WARNING</strong>: Cancer and Reproductive Harm - California Prop 65 (Applicable to California Residents Only) <a href=""http://www.p65warnings.ca.gov/"" target=""_blank"">www.P65Warnings.ca.gov</a></p>","<p>⚠<strong>AVERTISSEMENT</strong> : Cancer et effets nocifs sur la reproduction - Proposition 65 de la Californie (applicable aux résidents de la Californie seulement) <a href=""http://www.p65warnings.ca.gov/"" target=""_blank"">www.P65Warnings.ca.gov</a></p>"
"<p>🇺🇸 <a href=""https://chefman.com"" target=""_blank"" title=""https://chefman.com"">chefman.com</a></p>","<p>🇺🇸 <a href=""https://chefman.com"" target=""_blank"" title=""https://chefman.com"">chefman.com</a></p>"
<strong>1. Empty the water reservoir</strong>,<strong>1. Videz le réservoir d'eau</strong>
<strong>1. Unplug the unit</strong>,<strong>1. Débranchez l'appareil</strong>
<strong>2. Prepare Your Descaling Solution</strong>,<strong>2. Préparez votre solution de détartrage</strong>
<strong>2. Remove Coffee Pod</strong>,<strong>2. Retirez la capsule de café</strong>
<strong>3. Position an empty cup</strong>,<strong>3. Placez une tasse vide</strong>
<strong>3. Remove any coffee grounds</strong>,<strong>3. Retirez tout résidu de café moulu</strong>
<strong>4. Empty and clean the water reservoir</strong>,<strong>4. Videz et nettoyez le réservoir d'eau</strong>
<strong>4. Run your first descaling cycle</strong>,<strong>4. Lancez votre premier cycle de détartrage</strong>
<strong>5. Remove water from cup</strong>,<strong>5. Videz l'eau de la tasse</strong>
<strong>5. Replace the water filter</strong>,<strong>5. Remplacez le filtre à eau</strong>
<strong>6. Repeat steps 4 and 5</strong>,<strong>6. Répétez les étapes 4 et 5</strong>
<strong>6. Rinse and wash trivet and drip tray</strong>,<strong>6. Rincer et laver le support et le plateau d'égouttement</strong>
<strong>7. Rinse water tank and refill</strong>,<strong>7. Rincer le réservoir d'eau et le remplir</strong>
<strong>7. Wipe down the base of the unit</strong>,<strong>7. Essuyer la base de l'appareil</strong>
<strong>8. Repeat until water runs low</strong>,<strong>8. Répéter jusqu'à ce qu'il reste peu d'eau</strong>
<strong>9. Return to Standby mode</strong>,<strong>9. Revenir au mode Veille</strong>
<strong>Coming Soon</strong>,<strong>Bientôt disponible</strong>
"<ul><li><strong>Pod compatibility</strong> — make sure it works with the capsules you like, or reusable pods for your own grounds.</li><li><strong>Cup sizes</strong> — from a concentrated shot to a tall travel mug.</li><li><strong>Footprint</strong> — most are compact enough for the smallest counter or office desk.</li></ul>","<ul><li><strong>Compatibilité des capsules</strong> — assurez-vous que la machine fonctionne avec les capsules que vous aimez, ou avec des capsules réutilisables pour votre propre café moulu.</li><li><strong>Formats de tasse</strong> — de la portion concentrée à la grande tasse de voyage.</li><li><strong>Encombrement</strong> — la plupart sont assez compactes pour le plus petit comptoir ou bureau.</li></ul>"
"<ul><li><strong>Pressure</strong> — a pump that delivers consistent pressure for a proper extraction.</li><li><strong>Milk system</strong> — a steam wand for control, or an automatic frother for convenience.</li><li><strong>Grinder</strong> — built-in saves counter space and keeps grounds fresh.</li><li><strong>Footprint</strong> — espresso machines run larger, so measure your counter first.</li></ul>","<ul><li><strong>Pression</strong> — une pompe qui offre une pression constante pour une extraction adéquate.</li><li><strong>Système à lait</strong> — une buse vapeur pour le contrôle, ou un mousseur automatique pour la commodité.</li><li><strong>Moulin</strong> — intégré, il économise de l'espace sur le comptoir et garde le café moulu frais.</li><li><strong>Encombrement</strong> — les machines à espresso sont plus grosses, alors mesurez votre comptoir d'abord.</li></ul>"
"A clean-pouring spout, stay-cool handle, and lift-out lid make filling, pouring, and rinsing simple and mess-free.","Un bec verseur net, une poignée qui reste froide et un couvercle amovible rendent le remplissage, le versage et le rinçage simples et sans dégâts."
A drip-free spout pours cleanly every time — no dribbles down the side or on the counter.,Un bec verseur anti-goutte verse proprement à tout coup — aucune goutte sur le côté ni sur le comptoir.
"a durable, classic look",une allure classique et durable
"a durable, classic metal look",une allure métallique classique et durable
"A full 212°F boil is perfect for black and herbal teas, instant coffee, and ramen. If you drink green (~170–180°F), white (~175–185°F), or oolong (~185–200°F) tea, or brew pour-over coffee (~195–205°F), choose a digital stainless model with temperature presets.","Une ébullition complète à 100 °C est parfaite pour les thés noirs et les tisanes, le café instantané et les ramen. Si vous buvez du thé vert (~77–82 °C), blanc (~79–85 °C) ou oolong (~85–93 °C), ou si vous préparez du café filtre par infusion lente (~91–96 °C), choisissez un modèle numérique en acier inoxydable avec préréglages de température."
A gooseneck for every level,Un col de cygne pour chaque niveau
"A long, curved spout pours a thin, steady stream exactly where you aim it.",Un long bec courbé verse un filet mince et régulier exactement là où vous le dirigez.
"A rapid 1500W boil gets you to hot water quickly, then the kettle eases into keep-warm mode to maintain it — speed when you want it, patience when you don't.","Une ébullition rapide de 1500 W vous donne de l'eau chaude en un rien de temps, puis la bouilloire passe en douceur au mode maintien au chaud pour la garder à température — la rapidité quand vous la voulez, la patience quand vous n'en avez pas besoin."
"A removable lift-out lid makes filling, rinsing, and everyday cleaning quick and easy.","Un couvercle amovible rend le remplissage, le rinçage et le nettoyage quotidien rapides et faciles."
A removable stainless-steel basket drops in so you can boil and steep in one vessel — then lift the basket out. Great for a mug or a whole pot.,Un panier amovible en acier inoxydable se dépose à l'intérieur pour que vous puissiez faire bouillir et infuser dans un seul contenant — puis retirez le panier. Parfait pour une tasse ou une théière entière.
A size for every table,Un format pour chaque table
"A sleek matte finish keeps the look minimal and counter-ready, and an easy-view water window shows exactly how much you're heating and pouring. Every model lifts off a 360° cordless swivel base, so you can carry it straight to your dripper, mug, or matcha bowl.","Un fini mat élégant garde un look minimaliste et prêt à trôner sur le comptoir, et une fenêtre d'eau facile à consulter indique exactement la quantité que vous chauffez et versez. Chaque modèle se soulève d'une base pivotante sans fil à 360°, pour que vous puissiez le transporter directement vers votre cône d'infusion, votre tasse ou votre bol à matcha."
A stain-resistant borosilicate glass body lights up with a blue glow so you can watch the water come to a boil.,Un corps en verre borosilicate résistant aux taches s'illumine d'une lueur bleue pour que vous puissiez regarder l'eau arriver à ébullition.
"A stainless-steel basket lifts right in and out for loose-leaf or bagged tea — steep to your preferred strength, then remove the leaves so the brew never turns bitter.","Un panier en acier inoxydable s'insère et se retire facilement pour le thé en feuilles ou en sachet — infusez jusqu'à l'intensité désirée, puis retirez les feuilles pour que l'infusion ne devienne jamais amère."
About,À propos
about your brand,à propos de votre marque
Accept,Accepter
Account,Compte
Add a note to your order,Ajouter une note à votre commande
Add a tagline,Ajouter un slogan
Address,Adresse
After image,Image après
All kettle types,Tous les types de bouilloires
All Products,Tous les produits
All products,Tous les produits
Always know its status,Toujours connaître son état
Are Chefman Fast-Boil kettles safe to use?,Les bouilloires Chefman Fast-Boil sont-elles sécuritaires à utiliser?
Are Chefman gooseneck kettles safe to use?,Les bouilloires à col de cygne Chefman sont-elles sécuritaires à utiliser?
Are Chefman stainless-steel kettles safe to use?,Les bouilloires en acier inoxydable Chefman sont-elles sécuritaires à utiliser?
Are Chefman tea infuser kettles safe to use?,Les bouilloires à infuseur à thé Chefman sont-elles sécuritaires à utiliser?
Are Chefman temperature-control kettles safe?,Les bouilloires à contrôle de température Chefman sont-elles sécuritaires?
"Are coffee pods recyclable, and what about the waste?","Les capsules de café sont-elles recyclables, et qu'en est-il des déchets?"
Are stainless-steel electric kettles better than glass?,Les bouilloires électriques en acier inoxydable sont-elles meilleures que celles en verre?
"As a guide: green tea ~170–180°F, white tea ~175–185°F, oolong ~185–200°F, black and herbal teas ~205–212°F (full boil), and pour-over or French press coffee ~195–205°F.","À titre indicatif : thé vert ~77–82 °C, thé blanc ~79–85 °C, oolong ~85–93 °C, thés noirs et tisanes ~96–100 °C (ébullition complète), et café filtre ou à piston ~91–96 °C."
As Seen On,Vu dans les médias
"At a personal 0.8L (about 2–4 cups) with a sleek matte finish, it takes up little space and looks like a designed object — ideal for solo drinkers, small kitchens, and travel.","Avec son format personnel de 0,8 L (environ 2 à 4 tasses) et son fini mat élégant, elle prend peu de place et ressemble à un objet design — idéale pour ceux qui boivent seuls, les petites cuisines et les voyages."
Author info,Renseignements sur l'auteur
Author's name,Nom de l'auteur
Auto shut-off & boil-dry protection,Arrêt automatique et protection contre l'ébullition à sec
Automatic pop-up lid,Couvercle à ouverture automatique
"Automatic shut-off and boil-dry protection are standard, and every model is cETL approved and backed by a 1-year Chefman assurance.","L'arrêt automatique et la protection contre l'ébullition à sec sont de série, et chaque modèle est approuvé cETL et soutenu par une garantie Chefman de 1 an."
"Automatic shut-off and boil-dry protection are standard, every model is cETL approved, and each one is backed by a 1-year Chefman assurance.","L'arrêt automatique et la protection contre l'ébullition à sec sont de série, chaque modèle est approuvé cETL, et chacun est soutenu par une garantie Chefman de 1 an."
"Automatic shut-off and boil-dry protection, cETL approved and backed by a 1-year Chefman assurance.","Arrêt automatique et protection contre l'ébullition à sec, approuvé cETL et soutenu par une garantie Chefman de 1 an."
"Automatic shut-off turns the kettle off once the water's ready, and boil-dry protection keeps it from powering on empty.","L'arrêt automatique éteint la bouilloire une fois l'eau prête, et la protection contre l'ébullition à sec l'empêche de se mettre en marche à vide."
"Automatic shut-off, boil-dry protection, a 360° cordless swivel base, and cETL approval come standard, backed by a 1-year Chefman assurance.","L'arrêt automatique, la protection contre l'ébullition à sec, une base pivotante sans fil à 360° et l'approbation cETL sont de série, le tout soutenu par une garantie Chefman de 1 an."
Basket Air Fryer,Friteuse à air à panier
Bean Catcher,Récupérateur de grains
Before image,Image avant
Best for black and herbal teas,Idéal pour les thés noirs et les tisanes
Best Sellers,Meilleurs vendeurs
Better pour-over coffee,Un meilleur café filtre
Boil and steep in one vessel,Faites bouillir et infuser dans un seul contenant
Boil-only by design,Conçue pour l'ébullition seulement
"Boiling water (212°F) scorches green, white, and oolong tea and draws out bitterness. Dialing in a lower temperature keeps those teas smooth, sweet, and aromatic.","L'eau bouillante (100 °C) brûle les thés verts, blancs et oolong et en fait ressortir l'amertume. Régler une température plus basse garde ces thés doux, sucrés et aromatiques."
Boiling water can scorch delicate teas. Dial in the exact heat with digital presets or a variable dial — the upgrade that changes everything for tea and pour-over.,L'eau bouillante peut brûler les thés délicats. Réglez la température exacte avec des préréglages numériques ou une molette variable — l'amélioration qui change tout pour le thé et le café filtre.
Brew Like a Barista,Préparez votre café comme un barista
Bright Ideas. Brighter Future.,Des idées brillantes. Un avenir encore plus brillant.
Build your <em>Bundle</em>,Composez votre <em>ensemble</em>
Build Your Bundle,Composez votre ensemble
Built for Life,Conçu pour la vie
Built for You,Conçu pour vous
Built for You. <em>Built for Life.</em>,Conçu pour vous. <em>Conçu pour la vie.</em>
Built to Inspire,Conçu pour inspirer
Built to last,Conçu pour durer
Built-in safety,Sécurité intégrée
Built-in steep timer,Minuterie d'infusion intégrée
Button label,Étiquette du bouton
Buy 3 and <em>save 30%</em>,Achetez-en 3 et <em>économisez 30 %</em>
Caffeinate for real → Shop coffee makers,Faites le plein de caféine → Magasinez les cafetières
Caffeinator,Caffeinator
California AB-1200 Disclosure List,Liste de divulgation AB-1200 de la Californie
Call toll-free or email:,Appelez-nous sans frais ou écrivez-nous par courriel :
Call us toll free,Appelez-nous sans frais
Can a single-serve machine make a full pot or carafe?,Une machine à portion individuelle peut-elle préparer une pleine cafetière ou carafe?
Can a stainless-steel kettle control the temperature for tea?,Une bouilloire en acier inoxydable peut-elle contrôler la température pour le thé?
Can I brew green or white tea in a tea infuser kettle?,Puis-je préparer du thé vert ou blanc dans une bouilloire à infuseur à thé?
Can I choose different cup sizes?,Puis-je choisir différents formats de tasse?
Can I leave a keep-warm kettle running all day?,Puis-je laisser une bouilloire à maintien au chaud en marche toute la journée?
Can I make loose-leaf tea in a Fast-Boil kettle?,Puis-je préparer du thé en feuilles dans une bouilloire à ébullition rapide?
Can I steep tea directly in a keep-warm kettle?,Puis-je infuser le thé directement dans une bouilloire à maintien au chaud?
Can I still boil water all the way to 212°F?,Puis-je quand même faire bouillir l'eau jusqu'à 100 °C?
Can I use a gooseneck kettle for matcha?,Puis-je utiliser une bouilloire à col de cygne pour le matcha?
Can I use both loose-leaf tea and tea bags in the infuser?,Puis-je utiliser à la fois du thé en feuilles et des sachets de thé dans l'infuseur?
Can I use my own coffee instead of buying pods?,Puis-je utiliser mon propre café au lieu d'acheter des capsules?
"Capsule & single-serve, explained","Les capsules et portions individuelles, expliquées"
Capsule / Single-Serve,Capsule / Portion individuelle
Care & descaling,Entretien et détartrage
Care & safety tips,Conseils d'entretien et de sécurité
Care and cleaning,Entretien et nettoyage
Cart,Panier
Check out all our products,Découvrez tous nos produits
"Chefman gooseneck kettles come in a personal 0.8L capacity — about 2–4 cups — which makes them ideal for solo brewing, small kitchens, and travel, and quick to heat a single serving.","Les bouilloires à col de cygne Chefman offrent une capacité personnelle de 0,8 L — environ 500 à 1 000 mL — ce qui les rend idéales pour l'infusion en solo, les petites cuisines et les déplacements, et permettent de chauffer rapidement une portion individuelle."
Chefman Kettle Guide,Guide des bouilloires Chefman
Chefman Tea Infuser Kettles,Bouilloires à infuseur à thé Chefman
"Chefman tea infuser kettles come in 1L, 1.2L, 1.7L, and 1.8L. The 1L is a compact, travel-friendly favorite for one or two cups, while the 1.7L and 1.8L brew a full pot for households or guests.","Les bouilloires à infuseur à thé Chefman sont offertes en 1 L, 1,2 L, 1,7 L et 1,8 L. Le format de 1 L est un choix compact et pratique pour les déplacements, idéal pour environ 250 à 500 mL, tandis que les formats de 1,7 L et 1,8 L préparent une pleine théière pour la maisonnée ou les invités."
"Chefman's dedicated Keep-Warm Tea Kettle holds a generous 1.8L — a full pot for a household or a long afternoon of tea. Keep-warm is also offered as a built-in function on select temperature-control and stainless-steel models, as well as the digital reForm Collection, so you can pair the hold feature with the style, capacity, and controls that suit you.","La bouilloire à thé à maintien au chaud dédiée de Chefman offre une généreuse capacité de 1,8 L — une pleine théière pour la maisonnée ou un long après-midi de thé. Le maintien au chaud est aussi offert comme fonction intégrée sur certains modèles à contrôle de température et en acier inoxydable, ainsi que sur la reForm Collection numérique, ce qui vous permet de jumeler la fonction de maintien au style, à la capacité et aux commandes qui vous conviennent."
"Chefman's stainless-steel kettles range from 1.2L up to 1.8L, enough for a couple of cups or a full pot for the whole household. The 1.8L is the family-sized workhorse of the line.","Les bouilloires en acier inoxydable de Chefman vont de 1,2 L à 1,8 L, assez pour environ 500 mL ou une pleine théière pour toute la maisonnée. Le format de 1,8 L est le cheval de bataille familial de la gamme."
"Choose a brushed-steel model with an automatic pop-up lid for one-press, no-fuss refilling.",Choisissez un modèle en acier brossé avec couvercle escamotable automatique pour un remplissage sans tracas d'une seule pression.
"Choose from 5 preset temperatures matched to different teas on preset models, or step up to advanced digital kettles with up to 7 presets for even finer control.","Choisissez parmi 5 températures préréglées adaptées à différents thés sur les modèles à préréglages, ou optez pour des bouilloires numériques avancées offrant jusqu'à 7 préréglages pour un contrôle encore plus précis."
Choosing one,En choisir une
Classic looks that hide the mess,Un style classique qui cache les dégâts
Cleaning & descaling,Nettoyage et détartrage
Cleaning Your Caffeinator,Nettoyer votre Caffeinator
Coffee,Café
Coffee & Espresso,Café et espresso
Coffee guide,Guide du café
Collage,Collage
Collapsible row 1,Rangée repliable 1
Collapsible row 2,Rangée repliable 2
Collapsible row 3,Rangée repliable 3
Collapsible row 4,Rangée repliable 4
Collapsible row 5,Rangée repliable 5
Collection 1,Collection 1
Collection 2,Collection 2
Collection 3,Collection 3
Collection 4,Collection 4
Collection 5,Collection 5
Collection description,Description de la collection
Color-coded status LEDs,Voyants DEL d'état à code de couleur
Color-coded status LEDs make it clear at a glance whether the kettle is actively boiling or simply holding your water warm.,Les voyants DEL d'état à code de couleur indiquent clairement d'un coup d'œil si la bouilloire est en pleine ébullition ou si elle maintient simplement votre eau au chaud.
"Color-coded status lights show whether the kettle is heating or holding warm, so a single glance tells you it's ready to pour.","Les voyants d'état à code de couleur indiquent si la bouilloire chauffe ou maintient au chaud, de sorte qu'un simple coup d'œil vous indique qu'elle est prête à verser."
Compact 0.8L size,"Format compact de 0,8 L"
Compact and counter-ready,Compacte et prête pour le comptoir
Confirm your age,Confirmez votre âge
Consigue el libro de cocina,Obtenez le livre de cuisine
Contact Us,Nous joindre
Cookbook,Livre de cuisine
Cordless & protected,Sans fil et protégée
Cordless 360° base,Base sans fil à 360°
Countertop Oven,Four de comptoir
Create Your Bundle,Créez votre ensemble
Crema Supreme,Crema Supreme
Crispinator,Crispinator
Crispinator Launches June 2025,Lancement du Crispinator en juin 2025
Crispinator Max,Crispinator Max
Crispinator Resources,Ressources Crispinator
Customer service,Service à la clientèle
Customer Support,Soutien à la clientèle
customers.,clients.
DC Motor Technology,Technologie de moteur à courant continu
Decline,Refuser
delicate teas & pour-over coffee,thés délicats et café filtre manuel
"Descale monthly if you have hard water: fill with a 50/50 mix of water and white vinegar, boil, let sit 15–20 minutes, then rinse well to keep boil times fast and water tasting fresh. Hand-wash the body and infuser, never submerge the electrical base, and always fill between the min and max lines.","Détartrez chaque mois si vous avez de l'eau dure : remplissez d'un mélange 50/50 d'eau et de vinaigre blanc, faites bouillir, laissez reposer de 15 à 20 minutes, puis rincez bien pour conserver des temps d'ébullition rapides et une eau au goût frais. Lavez le corps et l'infuseur à la main, ne submergez jamais la base électrique et remplissez toujours entre les lignes min et max."
Descaling Your Caffeinator,Détartrer votre Caffeinator
Descaling Your Machine,Détartrer votre machine
Descargar Ahora,Télécharger maintenant
Description,Description
Design & build options,Options de conception et de fabrication
Dial in the exact temperature,Réglez la température exacte
Didn’t find your answer?,Vous n'avez pas trouvé votre réponse?
Digital temperature presets,Préréglages de température numériques
Do Fast-Boil kettles keep water warm after boiling?,Les bouilloires à ébullition rapide gardent-elles l'eau au chaud après l'ébullition?
Do gooseneck kettles have temperature control?,Les bouilloires à col de cygne ont-elles un contrôle de température?
"Do I need a separate grinder, or should I get a machine with one built in?","Ai-je besoin d'un moulin séparé, ou devrais-je opter pour une machine avec moulin intégré?"
Do I really need a temperature-control kettle?,Ai-je vraiment besoin d'une bouilloire à contrôle de température?
Do Not Sell My Personal Information,Ne pas vendre mes renseignements personnels
Does a stainless-steel kettle keep water warm?,Une bouilloire en acier inoxydable garde-t-elle l'eau au chaud?
Download,Télécharger
Download Now,Télécharger maintenant
Download the User Guide,Télécharger le guide d'utilisation
Drip Coffee,Café filtre
"Drip coffee, explained","Le café filtre, expliqué"
Drip-free spout,Bec verseur anti-goutte
Drip-free spout & cool-touch handle,Bec verseur anti-goutte et poignée qui reste froide au toucher
"Drop in a pod, press a button, done — no grinding, no measuring, no cleanup. You trade a little flavor range for unbeatable speed and consistency, every single time.","Insérez une capsule, appuyez sur un bouton, c'est fait — aucune mouture, aucun dosage, aucun nettoyage. Vous sacrifiez un peu de la palette de saveurs en échange d'une rapidité et d'une constance imbattables, à tout coup."
Durable steel body,Corps en acier durable
Easy care,Entretien facile
Easy to clean,Facile à nettoyer
Easy-view water window,Fenêtre de niveau d'eau facile à lire
Electric Gooseneck Kettles,Bouilloires électriques à col de cygne
Electric Kettle Guide,Guide des bouilloires électriques
Email,Courriel
English,English
Espresso,Espresso
"Espresso, explained","L'espresso, expliqué"
"Every Fast-Boil size also comes in a tea-infuser version with a removable stainless-steel basket, so you can boil and steep in one vessel — no separate teapot needed.","Chaque format Fast-Boil est aussi offert en version avec infuseur à thé doté d'un panier amovible en acier inoxydable, ce qui vous permet de faire bouillir et d'infuser dans un seul contenant — sans théière séparée."
Everyday Cleaning,Nettoyage quotidien
everyday speed & value,rapidité et valeur au quotidien
ExacTemp™ Accuracy,Précision ExacTemp™
Example heading,En-tête d'exemple
Example title,Titre d'exemple
Explore Kettles,Explorer les bouilloires
Explore Our Other Brands,Découvrez nos autres marques
Explore the whole collection,Explorez toute la collection
FAQ's,FAQ
FAQs,FAQ
FAQ’s,FAQ
Fast Free Shipping,Livraison gratuite et rapide
"Fast to start, gentle to hold","Rapide au démarrage, douce pour le maintien au chaud"
Fast where it counts,Rapide là où ça compte
"Fast, cordless convenience",Commodité rapide et sans fil
"Fast, safe boiling",Ébullition rapide et sécuritaire
Fast-Boil,Fast-Boil
Fast-Boil Electric Kettles,Bouilloires électriques Fast-Boil
"Fast-Boil kettles come in 1L (perfect for one or two cups, small spaces, and dorms), 1.2L (a compact everyday choice for a couple), and 1.8L (a full pot for the whole household).","Les bouilloires Fast-Boil sont offertes en formats 1 L (parfait pour une ou deux tasses, les petits espaces et les résidences étudiantes), 1,2 L (un choix compact pour le quotidien d'un couple) et 1,8 L (une pleine bouilloire pour toute la maisonnée)."
"Fast-Boil kettles heat to a full rolling boil (212°F) and shut off — ideal for black and herbal tea, coffee, and instant drinks. If you drink green, white, or oolong tea and want a lower, precise temperature, consider a temperature-control kettle instead.","Les bouilloires Fast-Boil chauffent jusqu'à pleine ébullition (100 °C) puis s'éteignent — idéales pour le thé noir et les tisanes, le café et les boissons instantanées. Si vous buvez du thé vert, blanc ou oolong et souhaitez une température plus basse et précise, optez plutôt pour une bouilloire à contrôle de température."
Featured collection,Collection en vedette
Featured product,Produit en vedette
Features,Caractéristiques
Find Our Store,Trouver notre magasin
Find Our Stores,Trouver nos magasins
Find your kettle,Trouvez votre bouilloire
Find your perfect coffee maker,Trouvez votre cafetière idéale
Find your perfect kettle,Trouvez votre bouilloire idéale
Follow us,Suivez-nous
Forging a Legacy,Forger un héritage
Français,Français
Free shipping and returns,Livraison et retours gratuits
Frequently asked question,Question fréquente
Frequently asked questions,Questions fréquentes
"From a compact, travel-friendly 1L for a solo mug up to a full-pot 1.8L for the household, there's a tea infuser kettle to match how much you brew.","D'une bouilloire compacte et pratique en voyage de 1 L pour une seule tasse jusqu'à une pleine bouilloire de 1,8 L pour toute la maisonnée, il y a une bouilloire à infuseur à thé adaptée à la quantité que vous infusez."
"From simple boil-only kettles to digital versions with temperature presets and keep-warm, there's a stainless model for casual coffee drinkers and dialed-in tea lovers alike.","Des simples bouilloires qui ne font que bouillir aux versions numériques dotées de préréglages de température et du maintien au chaud, il y a un modèle en acier inoxydable pour les amateurs de café occasionnels comme pour les passionnés de thé aguerris."
Get 20% Off,Obtenez 20 % de rabais
Get directions,Obtenir l'itinéraire
Get notified when we launch.,Soyez avisé de notre lancement.
Get the Cookbook,Procurez-vous le livre de recettes
Getting Started,Pour commencer
Give customers details about the banner image(s) or content on the template.,Donnez aux clients des détails sur l'image (ou les images) de la bannière ou sur le contenu du modèle.
Glass body with blue LEDs,Corps en verre avec DEL bleues
Glass vs. steel,Verre ou acier
"Glass, steel, or cool-touch","Verre, acier ou surface froide au toucher"
Good to know,Bon à savoir
Gooseneck,Col de cygne
"green, white & oolong tea","thé vert, blanc et oolong"
"Ground coffee, hot water, a full carafe — drip machines are the reliable backbone of any kitchen. Set it, walk away, and pour cup after cup. Best when you value simplicity and volume over barista theatrics.","Du café moulu, de l'eau chaude, une carafe pleine — les cafetières filtre sont le pilier fiable de toute cuisine. Réglez-la, éloignez-vous et versez tasse après tasse. Idéales quand vous privilégiez la simplicité et le volume aux prouesses de barista."
"Hand-wash the glass body and lift-out lid, and never submerge the electrical base. In hard-water areas, descale monthly with a 50/50 water-and-white-vinegar mix to keep boil times fast and water tasting fresh.","Lavez à la main le corps en verre et le couvercle amovible, et n'immergez jamais la base électrique. Dans les régions où l'eau est dure, détartrez chaque mois avec un mélange moitié eau, moitié vinaigre blanc pour garder des temps d'ébullition rapides et une eau au goût frais."
"Hand-wash the kettle body and the infuser basket, and never submerge the electrical base. If you have hard water, descale about once a month with a 50/50 water-and-white-vinegar mix to keep boil times fast and water tasting fresh.","Lavez à la main le corps de la bouilloire et le panier-infuseur, et n'immergez jamais la base électrique. Si votre eau est dure, détartrez environ une fois par mois avec un mélange moitié eau, moitié vinaigre blanc pour garder des temps d'ébullition rapides et une eau au goût frais."
Heading,En-tête
Heading 1,En-tête 1
Heading 2,En-tête 2
Heading 3,En-tête 3
Heading 4,En-tête 4
Heating vs. keep-warm lights,Voyants de chauffe ou de maintien au chaud
High-Speed Blender,Mélangeur à haute vitesse
"Higher-end models let you choose the right heat for coffee, matcha, or delicate teas.","Les modèles haut de gamme vous permettent de choisir la bonne température pour le café, le matcha ou les thés délicats."
"Holds water hot for up to 60 minutes after it reaches a boil, so your next cup needs no reheating.","Garde l'eau chaude jusqu'à 60 minutes après l'ébullition, pour que votre prochaine tasse n'ait pas besoin d'être réchauffée."
"Holds your water hot for up to an hour after it boils, so your second and third cup are ready whenever you are — no waiting, no reheating.","Garde votre eau chaude jusqu'à une heure après l'ébullition, pour que vos deuxième et troisième tasses soient prêtes dès que vous l'êtes — sans attente, sans réchauffage."
Home,Accueil
Households that drink coffee by the pot and want fuss-free mornings.,Les ménages qui boivent du café à la carafe et veulent des matins sans tracas.
How do I clean a tea infuser kettle?,Comment nettoyer une bouilloire à infuseur à thé?
How do I clean and descale a Fast-Boil kettle?,Comment nettoyer et détartrer une bouilloire Fast-Boil?
How do I clean and descale a gooseneck kettle?,Comment nettoyer et détartrer une bouilloire à col de cygne?
How do I clean and descale a keep-warm kettle?,Comment nettoyer et détartrer une bouilloire à maintien au chaud?
How do I clean and descale a stainless-steel kettle?,Comment nettoyer et détartrer une bouilloire en acier inoxydable?
How do I clean and descale a temperature-control kettle?,Comment nettoyer et détartrer une bouilloire à contrôle de température?
How do I clean and descale my espresso machine?,Comment nettoyer et détartrer ma machine à espresso?
How do I clean and descale my single-serve coffee maker?,Comment nettoyer et détartrer ma cafetière à portion individuelle?
How does a drip coffee maker work?,Comment fonctionne une cafetière à filtre?
How does a single-serve coffee maker work?,Comment fonctionne une cafetière à portion individuelle?
How does milk frothing work for lattes and cappuccinos?,Comment fonctionne le moussage du lait pour les lattes et les cappuccinos?
How fast does a Fast-Boil kettle boil water?,À quelle vitesse une bouilloire Fast-Boil fait-elle bouillir l'eau?
How it works,Comment ça fonctionne
How long does a Chefman keep-warm kettle keep water hot?,Combien de temps une bouilloire à maintien au chaud Chefman garde-t-elle l'eau chaude?
How much coffee and water should I use?,Quelle quantité de café et d'eau devrais-je utiliser?
How often should I clean and descale my coffee maker?,À quelle fréquence devrais-je nettoyer et détartrer ma cafetière?
How the three compare,Comparaison des trois
How to Clean the Grinder,Comment nettoyer le moulin
How to locate your Chefman product model number:,Comment trouver le numéro de modèle de votre produit Chefman :
How to Steam and Froth Milk,Comment vaporiser et faire mousser le lait
Hurry up!,Faites vite!
"If you have hard water, descale about once a month with a 50/50 mix of water and white vinegar: boil, let it sit 15–20 minutes, then rinse well. Hand-wash the body, never submerge the electrical base, and fill only between the min and max lines.","Si vous avez de l'eau dure, détartrez environ une fois par mois avec un mélange 50/50 d'eau et de vinaigre blanc : faites bouillir, laissez reposer de 15 à 20 minutes, puis rincez bien. Lavez le corps à la main, ne submergez jamais la base électrique et remplissez uniquement entre les lignes min et max."
"If you have hard water, descale monthly: fill with a 50/50 mix of water and white vinegar, boil, let it sit 15–20 minutes, then rinse well. Hand-wash the body and infuser, and never submerge the electrical base.","Si vous avez de l'eau dure, détartrez tous les mois : remplissez avec un mélange 50/50 d'eau et de vinaigre blanc, faites bouillir, laissez reposer de 15 à 20 minutes, puis rincez bien. Lavez le corps et l'infuseur à la main, et ne submergez jamais la base électrique."
Image heading,Titre de l'image
IMAGE SLIDE 1,DIAPOSITIVE IMAGE 1
IMAGE SLIDE 2,DIAPOSITIVE IMAGE 2
Image with text,Image avec texte
Image with text overlay,Image avec texte superposé
Introducing,Découvrez
Is a keep-warm kettle good for coffee?,Une bouilloire à maintien au chaud est-elle bonne pour le café?
Is a stainless-steel kettle good for pour-over coffee?,Une bouilloire en acier inoxydable est-elle bonne pour le café filtre?
Is a thermal carafe or a glass carafe better?,Vaut-il mieux une carafe thermique ou une carafe en verre?
"Is there a learning curve, and is espresso hard to make at home?","Y a-t-il une courbe d'apprentissage, et est-il difficile de préparer un espresso à la maison?"
It stays ready when you are,Elle reste prête quand vous l'êtes
"It's a teapot, too",C'est aussi une théière
K+,K+
Keep-Warm,Maintien au chaud
Keep-Warm Electric Kettles: Hot & Ready for Up to an Hour,Bouilloires électriques à maintien au chaud : chaudes et prêtes jusqu'à une heure
Keep-warm function,Fonction de maintien au chaud
Keep-warm up to an hour,Maintien au chaud jusqu'à une heure
Kettles,Bouilloires
Key features,Caractéristiques principales
Latest Stories,Derniers articles
Latte lovers and aspiring home baristas willing to dial it in.,Les amateurs de latte et les baristas maison en herbe prêts à peaufiner les réglages.
Learn More,En savoir plus
Lift the kettle off its swivel base and carry it right to your dripper or bowl.,Soulevez la bouilloire de sa base pivotante et apportez-la directement à votre cône d'infusion ou à votre bol.
Lift-out lid,Couvercle amovible
"Lifts off a 360° swivel base for cordless pouring, with auto shut-off, boil-dry protection, and cETL approval on every model.","Se soulève d'une base pivotante à 360° pour un versement sans fil, avec arrêt automatique, protection contre l'ébullition à sec et homologation cETL sur chaque modèle."
loose-leaf tea lovers,amateurs de thé en feuilles
Made for pour-over & matcha,Conçue pour le café filtre et le matcha
Made for slow mornings and long workdays,Conçue pour les matins tranquilles et les longues journées de travail
Make your own → Shop ice cream makers,Faites la vôtre → Magasinez les machines à crème glacée
"Manual, semi-automatic, or automatic?","Manuelle, semi-automatique ou automatique?"
"Many keep-warm models include a removable stainless-steel infuser, so you can steep loose-leaf or bagged tea right inside and keep the whole pot warm while you serve — fewer dishes, more tea.","De nombreux modèles à maintien au chaud comprennent un infuseur en acier inoxydable amovible, ce qui vous permet d'infuser du thé en feuilles ou en sachet directement à l'intérieur et de garder toute la théière au chaud pendant que vous servez — moins de vaisselle, plus de thé."
"Many models keep your water hot for up to an hour after it heats, so your second and third cup are ready without waiting or re-boiling.","De nombreux modèles gardent votre eau chaude jusqu'à une heure après le chauffage, de sorte que votre deuxième et votre troisième tasse sont prêtes sans attente ni nouvelle ébullition."
"Many temperature-control kettles hold your set temperature for up to an hour after heating, so hot water is ready whenever you are.","De nombreuses bouilloires à contrôle de température maintiennent la température réglée jusqu'à une heure après le chauffage, de sorte que l'eau chaude est prête quand vous l'êtes."
Melt Down,La grande fonte
Menu,Menu
Milk drinks,Boissons lactées
"Most temperature-control models are 1.7–1.8L, including the 1.8L Cordless Glass Kettle — a great all-rounder for a tea-loving household with 5 presets from 160°F to 212°F and keep-warm for up to an hour. Digital options range from a compact 1.2L up to an extra-large 2.0L.","La plupart des modèles à contrôle de température font de 1,7 à 1,8 L, y compris la bouilloire en verre sans fil de 1,8 L — une excellente polyvalente pour un foyer amateur de thé, avec 5 préréglages de 71 °C à 100 °C et un maintien au chaud jusqu'à une heure. Les options numériques vont d'une version compacte de 1,2 L jusqu'à une très grande de 2,0 L."
Multicolumn,Multicolonne
Multimedia <em>collage</em>,<em>Collage</em> multimédia
Need help?,Besoin d'aide?
Never reheat again,Fini le réchauffage
No,Non
"No, I’m not","Non, je ne le suis pas"
Obliterator,Obliterator
"On infuser models like the 1.8L Keep-Warm Tea Kettle, a removable basket lets you steep loose-leaf or bagged tea right in the pot.","Sur les modèles avec infuseur comme la bouilloire à thé à maintien au chaud de 1,8 L, un panier amovible vous permet d'infuser du thé en feuilles ou en sachet directement dans la théière."
"One cup, on demand","Une tasse, sur demande"
"One shot, endless drinks","Une dose, une infinité de boissons"
"One switch, no menus. Fill, press, and pour — the easy pick for anyone who just wants hot water without a learning curve.","Un seul interrupteur, aucun menu. Remplissez, appuyez et versez — le choix facile pour quiconque veut simplement de l'eau chaude sans courbe d'apprentissage."
Onwards and Upwards,Toujours plus haut
Opening hours,Heures d'ouverture
Optional tea infuser,Infuseur à thé en option
Options for every routine,Des options pour chaque routine
Orders,Commandes
Our <em>Work</em>,Notre <em>travail</em>
Our best everyday value,Notre meilleur rapport qualité-prix au quotidien
"Our most popular, most affordable kettles. Fill, press, and you've got a rolling boil in about three minutes — with a glass body and blue LEDs so you can watch it heat.","Nos bouilloires les plus populaires et les plus abordables. Remplissez, appuyez, et vous obtenez une ébullition vive en environ trois minutes — avec un corps en verre et des DEL bleues pour que vous puissiez la regarder chauffer."
Our Story,Notre histoire
Pairs well with,Se marie bien avec
Perfect Pour,Versement parfait
Perfecting Your Espresso,Perfectionner votre espresso
Phone,Téléphone
Phone number,Numéro de téléphone
"Pick from 5 preset temperatures matched to different teas, or choose a variable setting — with advanced digital models offering up to 7 presets.","Choisissez parmi 5 températures préréglées adaptées à différents thés, ou optez pour un réglage variable — les modèles numériques avancés offrant jusqu'à 7 préréglages."
Play,Lire
Pour exactly where you want,Versez exactement où vous le souhaitez
"Pour-over and French press coffee taste best brewed around 195–205°F, just below boiling. Temperature control lets you hit that window every time for a cleaner, more even extraction.","Le café filtre et le café à la cafetière à piston révèlent leur meilleur goût lorsqu'ils sont infusés autour de 91–96 °C, juste sous le point d'ébullition. Le contrôle de la température vous permet d'atteindre cette plage à tout coup, pour une extraction plus propre et plus uniforme."
pour-over coffee & matcha,café filtre manuel et matcha
"Pour-over coffee is typically brewed around 195–205°F, while matcha and delicate green teas do best with water below a full boil. Models with temperature presets make hitting the right range simple.","Le café filtre s'infuse généralement autour de 91–96 °C, tandis que le matcha et les thés verts délicats se préparent mieux avec une eau qui n'a pas atteint la pleine ébullition. Les modèles dotés de préréglages de température facilitent l'atteinte de la bonne plage."
Power. Precision. Performance.,Puissance. Précision. Performance.
Prefer loose-leaf?,Vous préférez le thé en feuilles?
Prefer to watch the water and check the level at a glance? A glass kettle may suit you better. Stainless trades visibility for extra durability and a spot-hiding finish.,Vous préférez voir l'eau et vérifier le niveau d'un coup d'œil? Une bouilloire en verre pourrait mieux vous convenir. L'acier inoxydable troque la visibilité contre une durabilité accrue et un fini qui masque les taches.
Premium Capsule Brewer,Cafetière à capsules haut de gamme
Preset & variable temps,Températures préréglées et variables
Pressure is everything,La pression fait toute la différence
"Pressurized brewing pulls rich, concentrated shots — the foundation for lattes, cappuccinos, and flat whites at home. There's a small learning curve, but the payoff is genuine coffee-shop quality.","L'infusion sous pression permet de tirer des expressos riches et concentrés — la base des lattes, cappuccinos et flat whites à la maison. Il y a une petite courbe d'apprentissage, mais le résultat offre une véritable qualité digne des cafés."
Pro tip,Conseil de pro
Product description,Description du produit
Product details,Détails du produit
Product Documentation,Documentation du produit
Product Registration,Enregistrement du produit
"Product, Order, Press, Other","Produit, Commande, Presse, Autre"
Products,Produits
Prop 65,Prop 65
Protect delicate flavor,Protégez les saveurs délicates
"Rapid-heat power brings water to a boil quickly, faster than the stovetop or microwave, while automatic shut-off and boil-dry protection handle safety for you.","La puissance de chauffe rapide amène l'eau à ébullition rapidement, plus vite que la cuisinière ou le micro-ondes, tandis que l'arrêt automatique et la protection contre l'ébullition à sec veillent à votre sécurité."
Rapid-heat power brings water to a rolling boil quickly before the kettle switches over to its gentle hold.,La puissance de chauffe rapide amène l'eau à gros bouillons rapidement avant que la bouilloire ne passe à son mode de maintien au chaud tout en douceur.
"Rapid-heat technology brings water to a rolling boil in as little as three minutes, faster than a stovetop or microwave.","La technologie de chauffe rapide amène l'eau à gros bouillons en aussi peu que trois minutes, plus vite qu'une cuisinière ou un micro-ondes."
Ready to find yours?,Prêt à trouver la vôtre?
Recently Viewed,Récemment consultés
Recently viewed,Récemment consultés
Refer a friend,Parrainez un ami
reForm,reForm
reForm Collection,reForm Collection
Refreshingly simple,D'une simplicité rafraîchissante
Register Your Product,Enregistrez votre produit
Removable infuser basket,Panier-infuseur amovible
Removable tea infuser,Infuseur à thé amovible
Reveal video with text overlay,Vidéo révélée avec superposition de texte
"Rugged, opaque stainless steel resists dings and hides water spots, built for daily use and easy to keep looking clean.",L'acier inoxydable opaque et robuste résiste aux chocs et masque les taches d'eau; conçu pour un usage quotidien et facile à garder propre.
Safety built in,Sécurité intégrée
Sale end in:,La vente se termine dans :
"Saturate grounds evenly for a cleaner cup, or pour a smooth stream for whisking matcha.","Saturez le café moulu uniformément pour une tasse plus propre, ou versez un filet régulier pour fouetter le matcha."
Search,Rechercher
Secure payment,Paiement sécurisé
See every step,Voyez chaque étape
See exactly how much water you're heating and pouring.,Voyez exactement la quantité d'eau que vous chauffez et versez.
"Select advanced digital models include a steep timer, so your tea brews for exactly the right time — no guessing, no over-steeping.","Certains modèles numériques avancés comprennent une minuterie d'infusion, de sorte que votre thé infuse exactement le temps requis — sans deviner et sans surinfusion."
"Select digital stainless models let you choose the ideal heat for green, white, and oolong tea or pour-over coffee, not just a full boil.","Certains modèles numériques en acier inoxydable vous permettent de choisir la chaleur idéale pour le thé vert, blanc et oolong ou pour le café filtre, et pas seulement la pleine ébullition."
"Select models add an easy-view water-level window, so you can fill to just the right amount at a glance.","Certains modèles ajoutent une fenêtre de niveau d'eau facile à lire, pour que vous puissiez remplir jusqu'à la quantité idéale d'un coup d'œil."
"Select models hold your water hot for up to an hour after boiling, so your next cup is ready without reheating.","Certains modèles gardent votre eau chaude jusqu'à une heure après l'ébullition, pour que votre prochaine tasse soit prête sans réchauffage."
Set it and forget it,Réglez et oubliez
Share,Partager
"Share information about your brand with your customers. Describe a product, share announcements, or welcome customers to your store.","Communiquez de l'information sur votre marque à vos clients. Décrivez un produit, partagez des annonces ou souhaitez la bienvenue aux clients dans votre magasin."
Shipping & Returns,Livraison et retours
Shipping Information,Renseignements sur la livraison
Shop,Magasiner
Shop Air Fryers,Magasiner les friteuses à air
Shop all coffee makers,Magasiner toutes les cafetières
Shop all kettles,Magasiner toutes les bouilloires
Shop drip makers,Magasiner les cafetières à filtre
Shop espresso machines,Magasiner les machines à espresso
Shop Fast-Boil kettles,Magasiner les bouilloires à ébullition rapide
Shop Gooseneck kettles,Magasiner les bouilloires à col-de-cygne
Shop Keep-Warm kettles,Magasiner les bouilloires à maintien au chaud
Shop Kettles,Magasiner les bouilloires
Shop Now,Magasiner maintenant
Shop now,Magasiner maintenant
Shop Our Collections,Magasiner nos collections
Shop single-serve,Magasiner les cafetières à portion individuelle
Shop Stainless Steel kettles,Magasiner les bouilloires en acier inoxydable
Shop Tea Infuser kettles,Magasiner les bouilloires avec infuseur à thé
Shop Temperature Control kettles,Magasiner les bouilloires à contrôle de la température
Shop the <em>look</em>,Magasinez le <em>style</em>
Shop the collection,Magasiner la collection
Shop the sale,Magasiner la vente
Should I use paper filters or a reusable filter?,Devrais-je utiliser des filtres en papier ou un filtre réutilisable?
Sign up and get <em>20% off</em> your first order,Inscrivez-vous et obtenez <em>20 % de rabais</em> sur votre première commande
Sign up for our newsletter!,Inscrivez-vous à notre infolettre!
Sizes & the flagship,Les formats et le modèle phare
Sizes and options,Formats et options
Sizes available,Formats offerts
Sizes for every kitchen,Des formats pour chaque cuisine
Sizes for every routine,Des formats pour chaque routine
Sleek & Sturdy,Élégant et robuste
slow sippers,ceux qui sirotent lentement
slow sippers who hate reheating,ceux qui sirotent lentement et détestent réchauffer
Slow-control gooseneck spout,Bec col-de-cygne à débit contrôlé
"Solid stainless-steel construction is tougher than glass and stands up to busy, everyday use, so your kettle keeps performing (and looking good) for years.","La construction en acier inoxydable massif est plus résistante que le verre et supporte un usage quotidien intensif, pour que votre bouilloire continue de bien fonctionner (et d'avoir belle allure) pendant des années."
"Solo drinkers, busy mornings, and homes where everyone wants something different.","Pour ceux qui boivent en solo, les matins pressés et les foyers où chacun veut quelque chose de différent."
"Some models include a removable infuser basket, so you can heat to the perfect temperature and steep loose-leaf right in the kettle.","Certains modèles comprennent un panier-infuseur amovible, ce qui vous permet de chauffer à la température parfaite et d'infuser du thé en feuilles directement dans la bouilloire."
Something we said?,Est-ce quelque chose que nous avons dit?
Soyez informé de notre lancement.,Soyez informé de notre lancement.
Specifications,Spécifications
"Stain-resistant borosilicate glass glows blue while heating, so you can watch it brew and check the water level at a glance.","Le verre borosilicate résistant aux taches s'illumine en bleu pendant le chauffage, ce qui vous permet de suivre l'infusion et de vérifier le niveau d'eau d'un coup d'œil."
Stainless Steel,Acier inoxydable
Stainless-Steel Electric Kettles,Bouilloires électriques en acier inoxydable
"Standard safety on every model, and cETL approved for peace of mind.","Sécurité de série sur chaque modèle, et approuvé cETL pour votre tranquillité d'esprit."
"Steam, froth, repeat","Vaporisez, faites mousser, recommencez"
Subject,Objet
support@chefman.com,support@chefman.com
Tagline,Slogan
Take the 30-second quiz,Faites le questionnaire de 30 secondes
Talk about your <em>brand</em>,Parlez de votre <em>marque</em>
Talk about your brand,Parlez de votre marque
Tea Infuser,Infuseur à thé
Tea Infuser Kettles,Bouilloires avec infuseur à thé
Tel your story,Racontez votre histoire
Tell your story,Racontez votre histoire
Temp Control,Contrôle de température
Temperature cheat-sheet,Aide-mémoire des températures
Temperature Control,Contrôle de la température
"Temperature control comes in stain-resistant borosilicate glass (watch it heat and check the level), durable stainless steel, and double-wall glass that stays cool to the touch even while heating.","Le contrôle de la température est offert en verre borosilicate résistant aux taches (regardez l'eau chauffer et vérifiez le niveau), en acier inoxydable durable et en verre à double paroi qui reste froid au toucher même pendant le chauffage."
Temperature guidance,Conseils de température
Temperature presets on select models,Préréglages de température sur certains modèles
Temperature-Control Kettles: The Right Heat for Every Cup,Bouilloires à contrôle de température : la bonne chaleur pour chaque tasse
The 5 things that make kettles different,Les 5 choses qui distinguent les bouilloires
The Chefman Fast-Boil Collection,La collection Fast-Boil de Chefman
"The classic keep-warm kettle boils to a full 212°F and then holds — perfect for black and herbal teas, oatmeal, ramen, and instant drinks. If you drink green, white, or oolong tea, look for a keep-warm model that also adds temperature presets so you can hold your water below a boil and avoid scorching delicate leaves.","La bouilloire classique à maintien au chaud porte l'eau à pleine ébullition, soit 100 °C, puis la maintient — parfaite pour les thés noirs et les tisanes, le gruau, les ramen et les boissons instantanées. Si vous buvez du thé vert, blanc ou oolong, cherchez un modèle à maintien au chaud qui ajoute aussi des préréglages de température, pour maintenir votre eau sous le point d'ébullition et éviter de brûler les feuilles délicates."
The drinks,Les boissons
"The keep-warm function holds your water hot for up to an hour after it boils, so you skip the tired cycle of boil, cool, re-boil. Your water is ready whenever you circle back to it.","La fonction de maintien au chaud garde votre eau chaude jusqu'à une heure après l'ébullition, ce qui vous évite le cycle fatigant d'ébullition, de refroidissement et de réébullition. Votre eau est prête chaque fois que vous y revenez."
"The kettle lifts off its 360° swivel base, so you can carry it cord-free straight to your mug or teapot.","La bouilloire se soulève de sa base pivotante à 360°, ce qui vous permet de la transporter sans fil directement jusqu'à votre tasse ou votre théière."
"The kettle lifts off its 360° swivel base, so you can carry it right to the mug or teapot.","La bouilloire se soulève de sa base pivotante à 360°, ce qui vous permet de la transporter directement jusqu'à la tasse ou la théière."
"The kettle lifts off its swivel base so you can carry it cord-free straight to your mug, pot, or table.","La bouilloire se soulève de sa base pivotante, ce qui vous permet de la transporter sans fil directement jusqu'à votre tasse, votre théière ou votre table."
The opaque metal body hides water spots far better than see-through glass and wipes clean in seconds. Pick a classic or brushed finish to suit your kitchen.,Le corps en métal opaque cache les taches d'eau bien mieux que le verre transparent et se nettoie en quelques secondes. Choisissez un fini classique ou brossé pour s'harmoniser à votre cuisine.
"The removable stainless-steel infuser basket lets you brew loose-leaf or bagged tea right inside the kettle — no separate teapot, no extra strainer, and fewer dishes to wash afterward.","Le panier-infuseur amovible en acier inoxydable vous permet d'infuser du thé en feuilles ou en sachet directement dans la bouilloire — pas de théière séparée, pas de passoire supplémentaire et moins de vaisselle à laver ensuite."
"The signature slow-control gooseneck spout delivers a thin, steady stream instead of a rushing pour, so you can saturate coffee grounds evenly for pour-over or pour a smooth, controlled stream while whisking matcha.","Le bec col-de-cygne à débit contrôlé caractéristique offre un filet fin et constant plutôt qu'un jet rapide, ce qui vous permet de saturer uniformément la mouture pour un café filtre manuel ou de verser un jet fluide et contrôlé tout en fouettant le matcha."
"The slow-control gooseneck spout delivers a thin, steady stream exactly where you want it — essential for saturating coffee grounds evenly, or whisking matcha.",Le bec col-de-cygne à débit contrôlé offre un filet fin et constant exactement là où vous le souhaitez — essentiel pour saturer uniformément la mouture ou pour fouetter le matcha.
The stain-resistant borosilicate glass body and glowing blue LEDs let you see the water come to a boil and keep an eye on the level at a glance.,Le corps en verre borosilicate résistant aux taches et les DEL bleues lumineuses vous permettent de voir l'eau arriver à ébullition et de garder un œil sur le niveau d'un coup d'œil.
The stain-resistant borosilicate glass body and warm blue LED glow let you watch the water heat and check the level at a glance.,Le corps en verre borosilicate résistant aux taches et la douce lueur bleue des DEL vous permettent de regarder l'eau chauffer et de vérifier le niveau d'un coup d'œil.
"There's a gooseneck for every level: start with a straightforward one-touch boiler, or choose a model with temperature presets for dialing in the ideal heat for pour-over coffee, matcha, and delicate teas.","Il y a un modèle à col-de-cygne pour chaque niveau : commencez avec une bouilloire simple à une touche, ou choisissez un modèle avec préréglages de température pour régler la chaleur idéale pour le café filtre manuel, le matcha et les thés délicats."
"These are Chefman's most popular and most affordable kettles: all the essentials done well, without the premium features you'd pay more for and might never use.","Ce sont les bouilloires les plus populaires et les plus abordables de Chefman : tous les essentiels bien exécutés, sans les fonctions haut de gamme que vous paieriez plus cher et n'utiliseriez peut-être jamais."
"These are Fast-Boil kettles that heat to a full boil (212°F), ideal for black and herbal blends. For delicate green, white, or oolong teas, let the water cool slightly off the boil before steeping — or step up to a Chefman temperature-control kettle to dial in an exact lower heat.","Ce sont des bouilloires Fast-Boil qui chauffent jusqu'à pleine ébullition (100 °C), idéales pour les mélanges noirs et les tisanes. Pour les thés verts, blancs ou oolong délicats, laissez l'eau refroidir légèrement après l'ébullition avant d'infuser — ou optez pour une bouilloire à contrôle de température Chefman pour régler une chaleur plus basse et précise."
"This area is used to describe your product’s details. Tell customers about the look, feel, and style of your product. Add details on color, materials used, sizing, and where it was made.","Cette zone sert à décrire les détails de votre produit. Parlez aux clients de l'apparence, du toucher et du style de votre produit. Ajoutez des détails sur la couleur, les matériaux utilisés, la taille et le lieu de fabrication."
Toasters,Grille-pain
"Tough, timeless, and easy to wipe clean. Offered from 1.2L to 1.8L in classic and brushed finishes, with options like a water-level window and pop-up lid.","Robuste, intemporelle et facile à nettoyer. Offerte de 1,2 L à 1,8 L en finis classique et brossé, avec des options comme une fenêtre de niveau d'eau et un couvercle escamotable."
"Tricolor lights show standby, heating, and ready at a glance, and some models beep the moment your water hits its target temperature.","Des voyants tricolores indiquent d'un coup d'œil la veille, le chauffage et l'état prêt, et certains modèles émettent un bip dès que votre eau atteint sa température cible."
Télécharger,Télécharger
Télécharger le guide utilisateur,Télécharger le guide utilisateur
Téléchargez le livre de recettes,Téléchargez le livre de recettes
Use this text to,Utilisez ce texte pour
User Guide,Guide d'utilisation
User Guide and Warranty,Guide d'utilisation et garantie
Video heading,Titre de la vidéo
VIDEO SLIDE,DIAPOSITIVE VIDÉO
Video slide 1,Diapositive vidéo 1
Video slide 2,Diapositive vidéo 2
Video slide 3,Diapositive vidéo 3
Video slide 4,Diapositive vidéo 4
Video with text overlay,Vidéo avec texte en surimpression
View all,Tout voir
View Documentation,Voir la documentation
View more,Voir plus
Visit Our International Sites,Visitez nos sites internationaux
Warranty,Garantie
Watch every brew,Observez chaque infusion
Watch Now,Regarder maintenant
Watch on YouTube,Regarder sur YouTube
Watch the Video,Regarder la vidéo
"Water heats quickly, then the kettle lifts off its 360° swivel base so you can carry it straight to your dripper or bowl — no cord in the way.","L'eau chauffe rapidement, puis la bouilloire se soulève de sa base pivotante à 360°, ce qui vous permet de la transporter directement jusqu'à votre goutteur ou votre bol — sans fil dans le chemin."
We use cookies,Nous utilisons des témoins
We're still here!,Nous sommes toujours là!
Welcome to the Family,Bienvenue dans la famille
What beans and grind size should I use?,Quels grains et quelle mouture devrais-je utiliser?
What do the 'bars' of pressure mean on an espresso machine?,Que signifient les « bars » de pression sur une machine à espresso?
What does the keep-warm function on an electric kettle do?,À quoi sert la fonction de maintien au chaud d'une bouilloire électrique?
What every Chefman kettle gives you,Ce que chaque bouilloire Chefman vous offre
"What exactly is espresso, and how is it different from regular coffee?","Qu'est-ce que l'espresso exactement, et en quoi diffère-t-il du café ordinaire?"
What grind size works best in a drip coffee maker?,Quelle mouture convient le mieux dans une cafetière à filtre?
What is a gooseneck kettle used for?,À quoi sert une bouilloire à col de cygne?
What is a programmable timer and how do I use it?,Qu'est-ce qu'une minuterie programmable et comment l'utiliser?
What is a tea infuser kettle?,Qu'est-ce qu'une bouilloire avec infuseur à thé?
What is drip coffee?,Qu'est-ce que le café filtre?
What is espresso?,Qu'est-ce que l'espresso?
What is single-serve coffee?,Qu'est-ce que le café à portion individuelle?
What it is,Ce que c'est
What kinds of pods can I use?,Quels types de capsules puis-je utiliser?
What people are saying,Ce que les gens en disent
What size are Chefman gooseneck kettles?,Quelle est la taille des bouilloires à col de cygne Chefman?
What size Fast-Boil kettle should I buy?,Quelle taille de bouilloire à ébullition rapide devrais-je acheter?
What size stainless-steel kettle should I buy?,Quelle taille de bouilloire en acier inoxydable devrais-je acheter?
What sizes do Chefman tea infuser kettles come in?,En quels formats les bouilloires avec infuseur à thé Chefman sont-elles offertes?
What temperature is best for pour-over coffee?,Quelle température convient le mieux au café filtre manuel?
What temperature should I use for green tea?,Quelle température devrais-je utiliser pour le thé vert?
What to look for,Ce qu'il faut rechercher
What's the difference between a Fast-Boil kettle and a temperature-control kettle?,Quelle est la différence entre une bouilloire à ébullition rapide et une bouilloire à contrôle de température?
What's the difference between a gooseneck kettle and a regular electric kettle?,Quelle est la différence entre une bouilloire à col de cygne et une bouilloire électrique ordinaire?
What's the difference between preset and advanced digital temperature-control kettles?,Quelle est la différence entre les bouilloires à contrôle de température préréglées et les modèles numériques avancés?
"What's the difference between semi-automatic, automatic, and super-automatic machines?","Quelle est la différence entre les machines semi-automatiques, automatiques et super-automatiques?"
"Whether you nurse one big mug or refill three times over a few hours, the kettle keeps water at the ready — ideal for work-from-home tea drinkers and anyone who sips at their own pace.","Que vous sirotiez lentement une grande tasse ou que vous refassiez le plein trois fois en quelques heures, la bouilloire garde l'eau prête à servir — idéale pour les amateurs de thé en télétravail et pour quiconque boit à son propre rythme."
Which Chefman kettle is best for keeping water warm?,Quelle bouilloire Chefman convient le mieux pour garder l'eau au chaud?
Which Chefman tea infuser kettle is best for me?,Quelle bouilloire avec infuseur à thé Chefman me convient le mieux?
Who it's for,À qui ça s'adresse
Why choose a Fast-Boil kettle,Pourquoi choisir une bouilloire à ébullition rapide
Why choose a Gooseneck kettle,Pourquoi choisir une bouilloire à col de cygne
Why choose a Keep-Warm kettle,Pourquoi choisir une bouilloire à maintien au chaud
Why choose a Stainless Steel kettle,Pourquoi choisir une bouilloire en acier inoxydable
Why choose a Tea Infuser kettle,Pourquoi choisir une bouilloire avec infuseur à thé
Why choose a Temperature Control kettle,Pourquoi choisir une bouilloire à contrôle de température
"Wipe the exterior with a damp cloth and hand-wash the interior; never submerge the electrical base. If you have hard water, descale about once a month with a 50/50 water-and-white-vinegar mix to keep boil times fast and water tasting fresh.","Essuyez l'extérieur avec un linge humide et lavez l'intérieur à la main; ne submergez jamais la base électrique. Si votre eau est dure, détartrez environ une fois par mois avec un mélange 50/50 d'eau et de vinaigre blanc pour garder des temps d'ébullition rapides et une eau au goût frais."
"With 1500W of rapid-heat power, these kettles reach a rolling boil in about three minutes — quicker than the stovetop or microwave, so your tea is ready sooner.","Avec 1500 W de puissance de chauffe rapide, ces bouilloires atteignent de gros bouillons en environ trois minutes — plus rapide que la cuisinière ou le micro-ondes, pour que votre thé soit prêt plus tôt."
with your,avec votre
World-Class Air Fryer,Friteuse à air de calibre mondial
Yes,Oui
"Yes, I am","Oui, je le suis"
You may also like,Vous aimerez peut-être aussi
Your bundle,Votre ensemble
